dataset,target,target_kind,units,sampling_freq,horizon_steps,horizon_minutes,conformal_method,nominal_coverage,mode,scenario,kind,severity,severity_label,alert_rule,seed,n_test,mae_vs_clean_truth,rmse_vs_clean_truth,empirical_coverage_vs_clean_truth,coverage_deviation_vs_clean_truth,mae,rmse,empirical_coverage,coverage_deviation,mean_interval_width,median_interval_width,winkler_score,n_valid,alert_rate,n_alert_clusters,false_alert_events_per_day,n_violation_steps,n_rows_rebuilt,n_contaminated
bdg2,electricity,energy,kWh,0 days 01:00:00,1,60.0,cqr,0.95,legacy_fixed_intervals,clean,none,0.0,none,1-of-1,42,34838.0,20.01106722315496,40.12998277209014,0.942677536023882,0.007322463976118,20.01106722315496,40.12998277209014,0.942677536023882,0.007322463976118,110.21934661236617,65.1315350145615,160.67975640918965,34838,0.057322463976118,1454.0,1.0016648487284,1997.0,,
bdg2,electricity,energy,kWh,0 days 01:00:00,1,60.0,cqr,0.95,closed_loop,clean,none,0.0,none,1-of-1,42,34838.0,20.01106722315496,40.12998277209014,0.942677536023882,0.007322463976118,20.01106722315496,40.12998277209014,0.942677536023882,0.007322463976118,110.21934661236617,65.1315350145615,160.67975640918965,34838,0.057322463976118,1454.0,1.0016648487284,1997.0,,
bdg2,electricity,energy,kWh,0 days 01:00:00,1,60.0,cqr,0.95,legacy_fixed_intervals,random_missing_5pct,random_missing,0.05,5%,1-of-1,42,34838.0,20.01106722315496,40.12998277209014,0.942677536023882,0.007322463976118,31.90356949709661,85.02444448339008,0.9023193065043916,0.0476806934956082,110.21934661236617,65.1315350145615,563.1881615159322,34838,0.0976806934956082,2713.0,1.8689936276479704,3403.0,,
bdg2,electricity,energy,kWh,0 days 01:00:00,1,60.0,cqr,0.95,closed_loop,random_missing_5pct,random_missing,0.05,5%,1-of-1,42,34838.0,19.989908837901336,40.11509615354047,0.942390493139675,0.0076095068603249,19.8620519265546,39.69278596593608,0.9434812560996612,0.0065187439003386,109.85970775194868,64.82677287590599,159.25164255483548,34838,0.0565187439003387,1426.0,0.9823755669096964,1969.0,34838.0,
bdg2,electricity,energy,kWh,0 days 01:00:00,1,60.0,cqr,0.95,legacy_fixed_intervals,random_missing_10pct,random_missing,0.1,10%,1-of-1,42,34838.0,20.01106722315496,40.12998277209014,0.942677536023882,0.007322463976118,44.522135603771,116.04966586276385,0.8608583321372183,0.0891416678627816,110.21934661236617,65.1315350145615,989.7672748784124,34835,0.1391296859750846,3866.0,2.6632986968253056,4847.0,,
bdg2,electricity,energy,kWh,0 days 01:00:00,1,60.0,cqr,0.95,closed_loop,random_missing_10pct,random_missing,0.1,10%,1-of-1,42,34688.0,19.916196726385635,39.68029200754452,0.941420664206642,0.0085793357933579,19.65591264197795,39.05872207047155,0.9436404520295204,0.0063595479704796,109.59925847381932,64.98441931853897,156.8112794724716,34688,0.0563595479704797,1409.0,0.9748616236162362,1955.0,34688.0,
bdg2,electricity,energy,kWh,0 days 01:00:00,1,60.0,cqr,0.95,legacy_fixed_intervals,random_missing_20pct,random_missing,0.2,20%,1-of-1,42,34838.0,20.01106722315496,40.12998277209014,0.942677536023882,0.007322463976118,67.4098157263345,154.05830217573904,0.78112784548172,0.1688721545182799,110.21934661236617,65.1315350145615,1768.431879395053,34792,0.2185831563235547,5730.0,3.947413743613296,7615.0,,
bdg2,electricity,energy,kWh,0 days 01:00:00,1,60.0,cqr,0.95,closed_loop,random_missing_20pct,random_missing,0.2,20%,1-of-1,42,34388.0,19.76728417216344,39.20465132939524,0.9418983366290566,0.0081016633709433,19.05362743075441,37.4061276457367,0.9477143189484704,0.0022856810515295,108.75887918925174,64.59431643852346,151.68402558224625,34388,0.0522856810515296,1272.0,0.8877515412353147,1798.0,34388.0,
bdg2,electricity,energy,kWh,0 days 01:00:00,1,60.0,cqr,0.95,legacy_fixed_intervals,block_missing_5pct,block_missing,0.05,5%,1-of-1,42,34838.0,20.01106722315496,40.12998277209014,0.942677536023882,0.007322463976118,22.80737142611593,52.87254716797598,0.932554466068608,0.017445533931392,110.21934661236617,65.1315350145615,256.3682842177327,33553,0.0649578046960215,1539.0,1.0602215971066078,2263.0,,
bdg2,electricity,energy,kWh,0 days 01:00:00,1,60.0,cqr,0.95,closed_loop,block_missing_5pct,block_missing,0.05,5%,1-of-1,42,29739.0,20.164030715888817,40.282621280278384,0.9416591008440096,0.0083408991559904,20.127008332053062,40.14683366345975,0.9420962372641986,0.0079037627358014,110.11658996109342,65.01225330491744,159.89947110380947,29739,0.0579037627358014,1250.0,1.0087763542822556,1722.0,29739.0,
bdg2,electricity,energy,kWh,0 days 01:00:00,1,60.0,cqr,0.95,legacy_fixed_intervals,block_missing_10pct,block_missing,0.1,10%,1-of-1,42,34838.0,20.01106722315496,40.12998277209014,0.942677536023882,0.007322463976118,25.601122911294414,63.84900447419709,0.9220115263060048,0.0279884736939951,110.21934661236617,65.1315350145615,352.006828364491,32274,0.0722486939548768,1611.0,1.10982260749756,2517.0,,
bdg2,electricity,energy,kWh,0 days 01:00:00,1,60.0,cqr,0.95,closed_loop,block_missing_10pct,block_missing,0.1,10%,1-of-1,42,24536.0,20.32318742262273,40.64532901919893,0.9411069448972936,0.0088930551027062,20.22110810488741,40.336449094323136,0.9427372024779916,0.0072627975220084,110.53328619610184,65.4556672223096,160.24210921925416,24536,0.0572627975220084,1026.0,1.003586566677535,1405.0,24536.0,
bdg2,electricity,energy,kWh,0 days 01:00:00,1,60.0,cqr,0.95,legacy_fixed_intervals,bias_0.5sd,bias,0.5,0.5 sigma,1-of-1,42,34838.0,20.01106722315496,40.12998277209014,0.942677536023882,0.007322463976118,123.40441366069184,128.70623419720505,0.1347379298467191,0.8152620701532809,110.21934661236617,65.1315350145615,2978.700684630105,34838,0.8652620701532809,1819.0,1.2531144152936449,30144.0,,
bdg2,electricity,energy,kWh,0 days 01:00:00,1,60.0,cqr,0.95,closed_loop,bias_0.5sd,bias,0.5,0.5 sigma,1-of-1,42,34838.0,123.45439286535168,129.75646077710712,0.1651070669958091,0.7848929330041907,27.06005409264337,45.03179163594792,0.9625409036109996,0.0125409036109995,172.21718682814543,150.12541585313485,227.79710570788015,34838,0.0374590963890005,886.0,0.6103679889775533,1305.0,34838.0,
bdg2,electricity,energy,kWh,0 days 01:00:00,1,60.0,cqr,0.95,legacy_fixed_intervals,bias_1.0sd,bias,1.0,1.0 sigma,1-of-1,42,34838.0,20.01106722315496,40.12998277209014,0.942677536023882,0.007322463976118,244.9099464170252,247.9549154458469,0.0216143291807796,0.9283856708192204,110.21934661236617,65.1315350145615,7581.159402627617,34838,0.9783856708192205,305.0,0.2101153912394512,34085.0,,
bdg2,electricity,energy,kWh,0 days 01:00:00,1,60.0,cqr,0.95,closed_loop,bias_1.0sd,bias,1.0,1.0 sigma,1-of-1,42,34838.0,241.4438031341816,246.15848477113192,0.063436477409725,0.8865635225902749,27.789775840281525,51.07053707232096,0.9385728227797232,0.0114271772202766,144.46810962049975,117.32799022587116,251.76539187197363,34838,0.0614271772202767,1197.0,0.8246167977495839,2140.0,34838.0,
bdg2,electricity,energy,kWh,0 days 01:00:00,1,60.0,cqr,0.95,legacy_fixed_intervals,bias_2.0sd,bias,2.0,2.0 sigma,1-of-1,42,34838.0,20.01106722315496,40.12998277209014,0.942677536023882,0.007322463976118,489.5224528828738,491.1198726834426,0.0012629886905103,0.9487370113094896,110.21934661236617,65.1315350145615,17291.24924677316,34838,0.9987370113094896,16.0,0.0110224467535449,34794.0,,
bdg2,electricity,energy,kWh,0 days 01:00:00,1,60.0,cqr,0.95,closed_loop,bias_2.0sd,bias,2.0,2.0 sigma,1-of-1,42,34838.0,472.0057740122284,478.2681966497824,0.052873299270911,0.8971267007290888,44.16574330261258,80.44974015866234,0.887565302256157,0.0624346977438429,222.72556295019496,189.1991149896582,647.3506663335229,34838,0.1124346977438429,1264.0,0.8707732935300534,3917.0,34838.0,
bdg2,electricity,energy,kWh,0 days 01:00:00,1,60.0,cqr,0.95,legacy_fixed_intervals,level_shift_1.0sd,level_shift,1.0,1.0 sigma,1-of-1,42,34838.0,20.01106722315496,40.12998277209014,0.942677536023882,0.007322463976118,136.7395869849665,176.91565468861188,0.4692290028130202,0.4807709971869797,110.21934661236617,65.1315350145615,4191.573441136254,34838,0.5307709971869797,1065.0,0.7336816120328378,18491.0,,
bdg2,electricity,energy,kWh,0 days 01:00:00,1,60.0,cqr,0.95,closed_loop,level_shift_1.0sd,level_shift,1.0,1.0 sigma,1-of-1,42,34838.0,131.44744429828452,176.41936998081843,0.4896951604569722,0.4603048395430277,23.53875159278776,44.89682964074047,0.947499856478558,0.002500143521442,125.42806922424886,89.38250197215356,187.8924709988477,34838,0.0525001435214421,1262.0,0.8693954876858603,1829.0,34838.0,
bdg2,electricity,energy,kWh,0 days 01:00:00,1,60.0,cqr,0.95,legacy_fixed_intervals,level_shift_2.0sd,level_shift,2.0,2.0 sigma,1-of-1,42,34838.0,20.01106722315496,40.12998277209014,0.942677536023882,0.007322463976118,259.05711520766204,347.7223239421069,0.4628853550720477,0.4871146449279522,110.21934661236617,65.1315350145615,9043.693334113545,34838,0.5371146449279522,1050.0,0.7233480682013893,18712.0,,
bdg2,electricity,energy,kWh,0 days 01:00:00,1,60.0,cqr,0.95,closed_loop,level_shift_2.0sd,level_shift,2.0,2.0 sigma,1-of-1,42,34838.0,247.5742149507786,339.8044900851816,0.4837246684654687,0.4662753315345312,29.16482538721714,53.37948874300941,0.929444859061944,0.0205551409380561,165.35569482332926,156.1530021168559,300.5279053183552,34838,0.0705551409380561,1403.0,0.9665307997014756,2458.0,34838.0,
bdg2,electricity,energy,kWh,0 days 01:00:00,1,60.0,cqr,0.95,legacy_fixed_intervals,drift_1.0sd,drift,1.0,1.0 sigma terminal,1-of-1,42,34838.0,20.01106722315496,40.12998277209014,0.942677536023882,0.007322463976118,125.48899557124896,146.5535004524603,0.2814742522532866,0.6685257477467133,110.21934661236617,65.1315350145615,3316.53952508537,34838,0.7185257477467134,2045.0,1.408806475687468,25032.0,,
bdg2,electricity,energy,kWh,0 days 01:00:00,1,60.0,cqr,0.95,closed_loop,drift_1.0sd,drift,1.0,1.0 sigma terminal,1-of-1,42,34838.0,123.47647592106446,145.8525590538981,0.2571617199609621,0.6928382800390378,24.27695312419922,43.91543607992561,0.9656983753372754,0.0156983753372754,147.61737724578535,132.89257193738788,198.6387850393441,34838,0.0343016246627246,852.0,0.5869452896262702,1195.0,34838.0,
bdg2,electricity,energy,kWh,0 days 01:00:00,1,60.0,cqr,0.95,legacy_fixed_intervals,drift_2.0sd,drift,2.0,2.0 sigma terminal,1-of-1,42,34838.0,20.01106722315496,40.12998277209014,0.942677536023882,0.007322463976118,246.01990188784103,285.1221429412506,0.1464492795223606,0.8035507204776393,110.21934661236617,65.1315350145615,7827.204817484075,34838,0.8535507204776394,1176.0,0.810149836385556,29736.0,,
bdg2,electricity,energy,kWh,0 days 01:00:00,1,60.0,cqr,0.95,closed_loop,drift_2.0sd,drift,2.0,2.0 sigma terminal,1-of-1,42,34838.0,238.79015825144376,278.42864543642537,0.1630977668063608,0.7869022331936391,28.484211397237832,48.81606685020355,0.9483035765543372,0.0016964234456627,158.63372179270038,149.59121832069948,246.06249287121895,34838,0.0516964234456627,1109.0,0.7639933406050864,1801.0,34838.0,
bdg2,electricity,energy,kWh,0 days 01:00:00,1,60.0,cqr,0.95,legacy_fixed_intervals,stuck_5pct,stuck,0.05,5% of region,1-of-1,42,34838.0,20.01106722315496,40.12998277209014,0.942677536023882,0.007322463976118,30.63334268982832,66.26991613125325,0.90099890923704,0.0490010907629598,110.21934661236617,65.1315350145615,537.7763000115024,34838,0.0990010907629599,1361.0,0.93759687697342,3449.0,,
bdg2,electricity,energy,kWh,0 days 01:00:00,1,60.0,cqr,0.95,closed_loop,stuck_5pct,stuck,0.05,5% of region,1-of-1,42,34838.0,24.31135164374072,59.73896071972471,0.9209196854009988,0.029080314599001,19.888276958917974,39.92889473292725,0.9449164705206958,0.0050835294793041,110.93881541876436,66.73489855476515,160.56419509007188,34838,0.0550835294793042,1369.0,0.9431081003501924,1919.0,34838.0,
bdg2,electricity,energy,kWh,0 days 01:00:00,1,60.0,cqr,0.95,legacy_fixed_intervals,dropout_5pct,dropout,0.05,5% of region,1-of-1,42,34838.0,20.01106722315496,40.12998277209014,0.942677536023882,0.007322463976118,24.231590571494312,52.29794754264761,0.9193122452494402,0.0306877547505597,110.21934661236617,65.1315350145615,251.66156247755868,34838,0.0806877547505597,1425.0,0.9816866639876,2811.0,,
bdg2,electricity,energy,kWh,0 days 01:00:00,1,60.0,cqr,0.95,closed_loop,dropout_5pct,dropout,0.05,5% of region,1-of-1,42,34838.0,22.91766176446923,47.15542347377084,0.916929789310523,0.0330702106894769,19.605575033739942,39.43845441743711,0.9403237843733854,0.0096762156266145,109.75351566628268,66.15417959969538,161.99534732258567,34838,0.0596762156266146,1430.0,0.9851311785980826,2079.0,34838.0,
bdg2,electricity,energy,kWh,0 days 01:00:00,1,60.0,cqr,0.95,calibration_contamination,calib_contam_1pct,calibration_contamination,0.01,1%,,942,,,,,,,,0.9541879556805788,0.0041879556805787,170.52629689905052,170.52629689905046,267.86092389361784,34838,,,,,,350.0
bdg2,electricity,energy,kWh,0 days 01:00:00,1,60.0,cqr,0.95,calibration_contamination,calib_contam_5pct,calibration_contamination,0.05,5%,,942,,,,,,,,0.9985360812905448,0.0485360812905448,951.1745422881104,951.1745422881104,956.4872449558912,34838,,,,,,1749.0
bdg2,electricity,energy,kWh,0 days 01:00:00,1,60.0,cqr,0.95,calibration_contamination,calib_contam_10pct,calibration_contamination,0.1,10%,,942,,,,,,,,0.9999425914231588,0.0499425914231587,1468.7591227476332,1468.7591227476332,1469.2177860719066,34838,,,,,,3499.0
pleia,B-room11-V2,temperature,degC,0 days 00:10:00,1,10.0,cqr,0.95,legacy_fixed_intervals,clean,none,0.0,none,4-of-7,42,10108.0,0.3141687335520178,0.4761527824084955,0.9372774040364068,0.0127225959635931,0.3141687335520178,0.4761527824084955,0.9372774040364068,0.0127225959635931,1.647553824422792,1.573963416990308,2.5099514567698447,10108,0.0142461416699643,29.0,0.4131381084289671,634.0,,
pleia,B-room11-V2,temperature,degC,0 days 00:10:00,1,10.0,cqr,0.95,closed_loop,clean,none,0.0,none,4-of-7,42,10108.0,0.3141687335520178,0.4761527824084955,0.9372774040364068,0.0127225959635931,0.3141687335520178,0.4761527824084955,0.9372774040364068,0.0127225959635931,1.647553824422792,1.573963416990308,2.5099514567698447,10108,0.0142461416699643,29.0,0.4131381084289671,634.0,,
pleia,B-room11-V2,temperature,degC,0 days 00:10:00,1,10.0,cqr,0.95,legacy_fixed_intervals,random_missing_5pct,random_missing,0.05,5%,4-of-7,42,10108.0,0.3141687335520178,0.4761527824084955,0.9372774040364068,0.0127225959635931,0.3124356284788814,0.4737747955809571,0.9375741986545312,0.0124258013454688,1.647553824422792,1.573963416990308,2.488589776150842,10108,0.0136525524337158,27.0,0.3846458250890384,631.0,,
pleia,B-room11-V2,temperature,degC,0 days 00:10:00,1,10.0,cqr,0.95,closed_loop,random_missing_5pct,random_missing,0.05,5%,4-of-7,42,10108.0,0.3129009351924106,0.4735066747297211,0.9370795409576572,0.0129204590423426,0.3107593283547583,0.4699996860029435,0.9372774040364068,0.0127225959635931,1.6415556430161158,1.569590142745751,2.4655928841791788,10108,0.0125643055005935,26.0,0.370399683419074,634.0,10108.0,
pleia,B-room11-V2,temperature,degC,0 days 00:10:00,1,10.0,cqr,0.95,legacy_fixed_intervals,random_missing_10pct,random_missing,0.1,10%,4-of-7,42,10108.0,0.3141687335520178,0.4761527824084955,0.9372774040364068,0.0127225959635931,0.3105169181969934,0.4714241253234312,0.9386624455876532,0.0113375544123466,1.647553824422792,1.573963416990308,2.4756568306302,10108,0.0135536208943411,27.0,0.3846458250890384,620.0,,
pleia,B-room11-V2,temperature,degC,0 days 00:10:00,1,10.0,cqr,0.95,closed_loop,random_missing_10pct,random_missing,0.1,10%,4-of-7,42,10108.0,0.3124318678642224,0.4722607743319468,0.9361891571032844,0.0138108428967154,0.3073569581934923,0.465111044982085,0.9388603086664028,0.0111396913335971,1.6341509481960004,1.5608128635619334,2.448396338981056,10108,0.0122675108824693,25.0,0.3561535417491096,618.0,10108.0,
pleia,B-room11-V2,temperature,degC,0 days 00:10:00,1,10.0,cqr,0.95,legacy_fixed_intervals,random_missing_20pct,random_missing,0.2,20%,4-of-7,42,10108.0,0.3141687335520178,0.4761527824084955,0.9372774040364068,0.0127225959635931,0.3051288631110319,0.4616081911273201,0.9408559540320984,0.0091440459679016,1.647553824422792,1.573963416990308,2.4205963042020477,10094,0.0147407993668381,29.0,0.4131381084289671,597.0,,
pleia,B-room11-V2,temperature,degC,0 days 00:10:00,1,10.0,cqr,0.95,closed_loop,random_missing_20pct,random_missing,0.2,20%,4-of-7,42,10029.0,0.3092568182519968,0.4657404380582187,0.9352876657692692,0.0147123342307308,0.3004857478377445,0.4538211733339061,0.9395752318276996,0.0104247681723003,1.6192347468014414,1.548626110552444,2.399441964436694,10029,0.0139595173995413,28.0,0.4020341011067903,606.0,10029.0,
pleia,B-room11-V2,temperature,degC,0 days 00:10:00,1,10.0,cqr,0.95,legacy_fixed_intervals,block_missing_5pct,block_missing,0.05,5%,4-of-7,42,10108.0,0.3141687335520178,0.4761527824084955,0.9372774040364068,0.0127225959635931,0.3129557180992345,0.4760658246219582,0.9377052545155994,0.0122947454844005,1.647553824422792,1.573963416990308,2.5048519641400686,9744,0.0134546893549663,28.0,0.3988919667590028,607.0,,
pleia,B-room11-V2,temperature,degC,0 days 00:10:00,1,10.0,cqr,0.95,closed_loop,block_missing_5pct,block_missing,0.05,5%,4-of-7,42,8596.0,0.3149729597059892,0.4816074500081065,0.9372964169381108,0.0127035830618892,0.31418045240791,0.4808544651774153,0.9377617496510005,0.0122382503489995,1.64849544304729,1.567529963348553,2.5304225033800654,8596,0.0148906468124709,26.0,0.4355514192647743,535.0,8596.0,
pleia,B-room11-V2,temperature,degC,0 days 00:10:00,1,10.0,cqr,0.95,legacy_fixed_intervals,block_missing_10pct,block_missing,0.1,10%,4-of-7,42,10108.0,0.3141687335520178,0.4761527824084955,0.9372774040364068,0.0127225959635931,0.3128701783355535,0.4758091985681112,0.9381135296628256,0.0118864703371744,1.647553824422792,1.573963416990308,2.4952922432887497,9372,0.0122675108824693,26.0,0.370399683419074,580.0,,
pleia,B-room11-V2,temperature,degC,0 days 00:10:00,1,10.0,cqr,0.95,closed_loop,block_missing_10pct,block_missing,0.1,10%,4-of-7,42,7307.0,0.3148938582727223,0.4800416976592226,0.9385520733543178,0.0114479266456821,0.310741633952469,0.470506140116112,0.940194334200082,0.0098056657999178,1.6439153494436622,1.5682802460268128,2.422332678772728,7307,0.0116326809908307,19.0,0.3744354728342685,437.0,7307.0,
pleia,B-room11-V2,temperature,degC,0 days 00:10:00,1,10.0,cqr,0.95,legacy_fixed_intervals,bias_0.5sd,bias,0.5,0.5 sigma,4-of-7,42,10108.0,0.3141687335520178,0.4761527824084955,0.9372774040364068,0.0127225959635931,2.2744537124573885,2.318211451951195,0.0225563909774436,0.9274436090225564,1.647553824422792,1.573963416990308,58.618178434673794,10108,0.9873367629600316,23.0,0.3276612584091808,9880.0,,
pleia,B-room11-V2,temperature,degC,0 days 00:10:00,1,10.0,cqr,0.95,closed_loop,bias_0.5sd,bias,0.5,0.5 sigma,4-of-7,42,10108.0,2.1037894099918684,2.156815388600319,0.0238425009893153,0.9261574990106846,0.3491299669701674,0.4969475663000526,0.8873169766521567,0.0626830233478432,1.584793685185481,1.5163662327001148,2.763839829573592,10108,0.0529283735654926,92.0,1.3106450336367237,1139.0,10108.0,
pleia,B-room11-V2,temperature,degC,0 days 00:10:00,1,10.0,cqr,0.95,legacy_fixed_intervals,bias_1.0sd,bias,1.0,1.0 sigma,4-of-7,42,10108.0,0.3141687335520178,0.4761527824084955,0.9372774040364068,0.0127225959635931,4.504023604668429,4.528872994602422,0.0028690146418678,0.947130985358132,1.647553824422792,1.573963416990308,147.26806099414165,10108,0.9974277799762564,5.0,0.0712307083498219,10079.0,,
pleia,B-room11-V2,temperature,degC,0 days 00:10:00,1,10.0,cqr,0.95,closed_loop,bias_1.0sd,bias,1.0,1.0 sigma,4-of-7,42,10108.0,4.284251679055515,4.313075032629959,0.0028690146418678,0.947130985358132,0.3832666179038737,0.531227538346719,0.8316185199841709,0.118381480015829,1.6878883299130374,1.554942905408117,3.3281656935295927,10108,0.111594776414721,147.0,2.0941828254847645,1702.0,10108.0,
pleia,B-room11-V2,temperature,degC,0 days 00:10:00,1,10.0,cqr,0.95,legacy_fixed_intervals,bias_2.0sd,bias,2.0,2.0 sigma,4-of-7,42,10108.0,0.3141687335520178,0.4761527824084955,0.9372774040364068,0.0127225959635931,8.973623584137572,8.986182356059746,0.0,0.95,1.647553824422792,1.573963416990308,325.9621801181197,10108,0.9997032053818756,1.0,0.0142461416699643,10108.0,,
pleia,B-room11-V2,temperature,degC,0 days 00:10:00,1,10.0,cqr,0.95,closed_loop,bias_2.0sd,bias,2.0,2.0 sigma,4-of-7,42,10108.0,7.360631219041359,7.500788666118538,0.0005935892362485,0.9494064107637514,1.6546247843703552,2.1390612074242146,0.258013454689355,0.691986545310645,2.761173611522419,2.9493720591321715,47.75363986496395,10108,0.7314998021369212,159.0,2.2651365255243374,7500.0,10108.0,
pleia,B-room11-V2,temperature,degC,0 days 00:10:00,1,10.0,cqr,0.95,legacy_fixed_intervals,level_shift_1.0sd,level_shift,1.0,1.0 sigma,4-of-7,42,10108.0,0.3141687335520178,0.4761527824084955,0.9372774040364068,0.0127225959635931,2.42815247519952,3.2170101608313764,0.4584487534626039,0.491551246537396,1.647553824422792,1.573963416990308,77.01814527376042,10108,0.510387811634349,26.0,0.370399683419074,5474.0,,
pleia,B-room11-V2,temperature,degC,0 days 00:10:00,1,10.0,cqr,0.95,closed_loop,level_shift_1.0sd,level_shift,1.0,1.0 sigma,4-of-7,42,10108.0,2.3182504714704737,3.065664626628846,0.4596359319351009,0.4903640680648991,0.3543554580363984,0.5120568990946951,0.8759398496240601,0.0740601503759398,1.6307839835826186,1.5585890307932573,2.931569827686229,10108,0.0639097744360902,90.0,1.2821527502967949,1254.0,10108.0,
pleia,B-room11-V2,temperature,degC,0 days 00:10:00,1,10.0,cqr,0.95,legacy_fixed_intervals,level_shift_2.0sd,level_shift,2.0,2.0 sigma,4-of-7,42,10108.0,0.3141687335520178,0.4761527824084955,0.9372774040364068,0.0127225959635931,4.663013030303479,6.360030981105956,0.4569647803719825,0.4930352196280174,1.647553824422792,1.573963416990308,166.3737945260502,10108,0.511574990106846,24.0,0.3419074000791452,5489.0,,
pleia,B-room11-V2,temperature,degC,0 days 00:10:00,1,10.0,cqr,0.95,closed_loop,level_shift_2.0sd,level_shift,2.0,2.0 sigma,4-of-7,42,10108.0,4.110491773801163,5.6303445907825775,0.4575583696082311,0.4924416303917688,0.7553030691141553,1.1693738987639992,0.6147605856747131,0.3352394143252868,2.160534037429356,1.9363701172022945,16.967655393081717,10108,0.3461614562722596,123.0,1.7522754254056194,3894.0,10108.0,
pleia,B-room11-V2,temperature,degC,0 days 00:10:00,1,10.0,cqr,0.95,legacy_fixed_intervals,drift_1.0sd,drift,1.0,1.0 sigma terminal,4-of-7,42,10108.0,0.3141687335520178,0.4761527824084955,0.9372774040364068,0.0127225959635931,2.29121056749612,2.6459278847858774,0.2062722595963593,0.7437277404036406,1.647553824422792,1.573963416990308,62.786701351398776,10108,0.8010486743173724,108.0,1.5385833003561535,8023.0,,
pleia,B-room11-V2,temperature,degC,0 days 00:10:00,1,10.0,cqr,0.95,closed_loop,drift_1.0sd,drift,1.0,1.0 sigma terminal,4-of-7,42,10108.0,2.136528582535889,2.5018295727618423,0.2138899881282152,0.7361100118717847,0.3521596960391828,0.5003354282397322,0.8846458250890384,0.0653541749109615,1.6030051424723275,1.540430116222554,2.788854749935523,10108,0.0566877720617332,88.0,1.2536604669568658,1166.0,10108.0,
pleia,B-room11-V2,temperature,degC,0 days 00:10:00,1,10.0,cqr,0.95,legacy_fixed_intervals,drift_2.0sd,drift,2.0,2.0 sigma terminal,4-of-7,42,10108.0,0.3141687335520178,0.4761527824084955,0.9372774040364068,0.0127225959635931,4.51243672298711,5.205261188083702,0.0960625247328848,0.8539374752671152,1.647553824422792,1.573963416990308,149.37305918360977,10108,0.9093787099327264,30.0,0.4273842500989315,9137.0,,
pleia,B-room11-V2,temperature,degC,0 days 00:10:00,1,10.0,cqr,0.95,closed_loop,drift_2.0sd,drift,2.0,2.0 sigma terminal,4-of-7,42,10108.0,4.259888907779495,4.946460712957733,0.1129798179659675,0.8370201820340324,0.4122643138051585,0.5692203665188417,0.7457459438068856,0.2042540561931143,1.7166137985916985,1.5971416580216715,4.374003407539039,10108,0.1973684210526315,166.0,2.364859517214088,2570.0,10108.0,
pleia,B-room11-V2,temperature,degC,0 days 00:10:00,1,10.0,cqr,0.95,legacy_fixed_intervals,stuck_5pct,stuck,0.05,5% of region,4-of-7,42,10108.0,0.3141687335520178,0.4761527824084955,0.9372774040364068,0.0127225959635931,0.3631548148249162,0.609239588893155,0.8984962406015038,0.0515037593984961,1.647553824422792,1.573963416990308,3.668283934116448,10108,0.0557973882073605,32.0,0.4558765334388603,1026.0,,
pleia,B-room11-V2,temperature,degC,0 days 00:10:00,1,10.0,cqr,0.95,closed_loop,stuck_5pct,stuck,0.05,5% of region,4-of-7,42,10108.0,0.3472747563283411,0.5831347854080198,0.9204590423426988,0.0295409576573011,0.3115285891384449,0.4684231290727957,0.938464582508904,0.0115354174910961,1.627540799704127,1.555291900457549,2.464667232050286,10108,0.0141472101305896,28.0,0.3988919667590028,622.0,10108.0,
pleia,B-room11-V2,temperature,degC,0 days 00:10:00,1,10.0,cqr,0.95,legacy_fixed_intervals,dropout_5pct,dropout,0.05,5% of region,4-of-7,42,10108.0,0.3141687335520178,0.4761527824084955,0.9372774040364068,0.0127225959635931,0.4416356367880273,0.9804864482807644,0.9077958053027304,0.0422041946972694,1.647553824422792,1.573963416990308,6.42696587050651,10108,0.0489711119905025,28.0,0.3988919667590028,932.0,,
pleia,B-room11-V2,temperature,degC,0 days 00:10:00,1,10.0,cqr,0.95,closed_loop,dropout_5pct,dropout,0.05,5% of region,4-of-7,42,10108.0,0.4318262945845381,0.950072393824067,0.9042342698852394,0.0457657301147605,0.2974052821349759,0.4541709116822509,0.946379105658884,0.0036208943411158,1.612668212403315,1.5375837461503377,2.3437414530255025,10108,0.0105856747130985,24.0,0.3419074000791452,542.0,10108.0,
pleia,B-room11-V2,temperature,degC,0 days 00:10:00,1,10.0,cqr,0.95,calibration_contamination,calib_contam_1pct,calibration_contamination,0.01,1%,,942,,,,,,,,0.9448951325682629,0.0051048674317372,1.8525642966500864,1.8525642966500868,2.864745617502661,10108,,,,,,101.0
pleia,B-room11-V2,temperature,degC,0 days 00:10:00,1,10.0,cqr,0.95,calibration_contamination,calib_contam_5pct,calibration_contamination,0.05,5%,,942,,,,,,,,0.9970320538187574,0.0470320538187574,14.469154165401514,14.46915416540152,14.52429686958435,10108,,,,,,505.0
pleia,B-room11-V2,temperature,degC,0 days 00:10:00,1,10.0,cqr,0.95,calibration_contamination,calib_contam_10pct,calibration_contamination,0.1,10%,,942,,,,,,,,1.0,0.05,26.81785375712815,26.81785375712816,26.81785375712815,10108,,,,,,1011.0
pleia_energy,blockB-dif_cons,energy,kWh per interval,0 days 00:10:00,1,10.0,cqr,0.95,legacy_fixed_intervals,clean,none,0.0,none,2-of-3,42,10108.0,0.0933047902557901,2.4509604725406,0.9730906212900672,0.0230906212900673,0.0933047902557901,2.4509604725406,0.9730906212900672,0.0230906212900673,0.409892398206415,0.2345042329005323,1.5864663783384363,10108,0.0094974277799762,41.0,0.5840918084685398,272.0,,
pleia_energy,blockB-dif_cons,energy,kWh per interval,0 days 00:10:00,1,10.0,cqr,0.95,closed_loop,clean,none,0.0,none,2-of-3,42,10108.0,0.0933047902557901,2.4509604725406,0.9730906212900672,0.0230906212900673,0.0933047902557901,2.4509604725406,0.9730906212900672,0.0230906212900673,0.409892398206415,0.2345042329005323,1.5864663783384363,10108,0.0094974277799762,41.0,0.5840918084685398,272.0,,
pleia_energy,blockB-dif_cons,energy,kWh per interval,0 days 00:10:00,1,10.0,cqr,0.95,legacy_fixed_intervals,random_missing_5pct,random_missing,0.05,5%,2-of-3,42,10108.0,0.0933047902557901,2.4509604725406,0.9730906212900672,0.0230906212900673,0.104753868467374,2.7389731164491167,0.9737831420656904,0.0237831420656905,0.409892398206415,0.2345042329005323,2.0679987225167173,10108,0.0096952908587257,44.0,0.6268302334784329,265.0,,
pleia_energy,blockB-dif_cons,energy,kWh per interval,0 days 00:10:00,1,10.0,cqr,0.95,closed_loop,random_missing_5pct,random_missing,0.05,5%,2-of-3,42,10108.0,0.0935901783607579,2.444168151994757,0.971606648199446,0.021606648199446,0.1049046435732331,2.732850899385841,0.9728927582113178,0.0228927582113178,0.4073423731639172,0.2326854128514897,2.057163956582948,10108,0.0097942223981005,47.0,0.6695686584883261,274.0,10108.0,
pleia_energy,blockB-dif_cons,energy,kWh per interval,0 days 00:10:00,1,10.0,cqr,0.95,legacy_fixed_intervals,random_missing_10pct,random_missing,0.1,10%,2-of-3,42,10108.0,0.0933047902557901,2.4509604725406,0.9730906212900672,0.0230906212900673,0.1041491969007371,2.738927016274816,0.9742777997625643,0.0242777997625643,0.409892398206415,0.2345042329005323,2.065531318589936,10108,0.0098931539374752,46.0,0.6553225168183617,260.0,,
pleia_energy,blockB-dif_cons,energy,kWh per interval,0 days 00:10:00,1,10.0,cqr,0.95,closed_loop,random_missing_10pct,random_missing,0.1,10%,2-of-3,42,10108.0,0.0938673461601371,2.444184721604058,0.9721013058963196,0.0221013058963197,0.1043739104595936,2.7328087003648607,0.97398100514444,0.0239810051444401,0.4045212521076088,0.231314758686511,2.0585921847749438,10108,0.0091017016224772,49.0,0.6980609418282548,263.0,10108.0,
pleia_energy,blockB-dif_cons,energy,kWh per interval,0 days 00:10:00,1,10.0,cqr,0.95,legacy_fixed_intervals,random_missing_20pct,random_missing,0.2,20%,2-of-3,42,10108.0,0.0933047902557901,2.4509604725406,0.9730906212900672,0.0230906212900673,0.1026070465523344,2.7405095226241976,0.9757281553398058,0.0257281553398058,0.409892398206415,0.2345042329005323,2.035386926571849,10094,0.0098931539374752,45.0,0.6410763751483973,245.0,,
pleia_energy,blockB-dif_cons,energy,kWh per interval,0 days 00:10:00,1,10.0,cqr,0.95,closed_loop,random_missing_20pct,random_missing,0.2,20%,2-of-3,42,10029.0,0.0952443473571506,2.4538836291821315,0.9696879050752816,0.0196879050752817,0.1042257294402142,2.743373606047434,0.973776049456576,0.0237760494565759,0.3982742485233034,0.228422342245187,2.0476215533114765,10029,0.009871373018247,53.0,0.7609931199521388,263.0,10029.0,
pleia_energy,blockB-dif_cons,energy,kWh per interval,0 days 00:10:00,1,10.0,cqr,0.95,legacy_fixed_intervals,block_missing_5pct,block_missing,0.05,5%,2-of-3,42,10108.0,0.0933047902557901,2.4509604725406,0.9730906212900672,0.0230906212900673,0.094274389889839,2.4961721197843083,0.9732142857142856,0.0232142857142857,0.409892398206415,0.2345042329005323,1.626464779537735,9744,0.0092006331618519,40.0,0.5698456667985754,261.0,,
pleia_energy,blockB-dif_cons,energy,kWh per interval,0 days 00:10:00,1,10.0,cqr,0.95,closed_loop,block_missing_5pct,block_missing,0.05,5%,2-of-3,42,8596.0,0.0987071168572892,2.657136487052891,0.9719637040483946,0.0219637040483946,0.0983607809003246,2.657110675883041,0.9721963704048394,0.0221963704048394,0.4131841517355293,0.2317885127524626,1.7717390602877436,8596,0.0101209865053513,38.0,0.6365751512331317,239.0,8596.0,
pleia_energy,blockB-dif_cons,energy,kWh per interval,0 days 00:10:00,1,10.0,cqr,0.95,legacy_fixed_intervals,block_missing_10pct,block_missing,0.1,10%,2-of-3,42,10108.0,0.0933047902557901,2.4509604725406,0.9730906212900672,0.0230906212900673,0.0951902051433757,2.545099642369608,0.9727912932138284,0.0227912932138284,0.409892398206415,0.2345042329005323,1.669768154610079,9372,0.0092006331618519,40.0,0.5698456667985754,255.0,,
pleia_energy,blockB-dif_cons,energy,kWh per interval,0 days 00:10:00,1,10.0,cqr,0.95,closed_loop,block_missing_10pct,block_missing,0.1,10%,2-of-3,42,7307.0,0.1017453309961083,2.881068630696171,0.9713972902696044,0.0213972902696045,0.1009159049575931,2.881009277248909,0.9722184206924868,0.0222184206924866,0.4053968522073579,0.2286817496838579,1.9465497029398569,7307,0.009853565074586,32.0,0.6306281647735048,203.0,7307.0,
pleia_energy,blockB-dif_cons,energy,kWh per interval,0 days 00:10:00,1,10.0,cqr,0.95,legacy_fixed_intervals,bias_0.5sd,bias,0.5,0.5 sigma,2-of-3,42,10108.0,0.0933047902557901,2.4509604725406,0.9730906212900672,0.0230906212900673,0.2121978144883356,2.4591125912404506,0.4519192718638702,0.4980807281361297,0.409892398206415,0.2345042329005323,2.7003966375303547,10108,0.5275029679461812,254.0,3.6185199841709537,5540.0,,
pleia_energy,blockB-dif_cons,energy,kWh per interval,0 days 00:10:00,1,10.0,cqr,0.95,closed_loop,bias_0.5sd,bias,0.5,0.5 sigma,2-of-3,42,10108.0,0.2251082652510909,2.4557727158847924,0.4564701226751088,0.4935298773248911,0.0964062593763034,2.451952107768743,0.9769489513256826,0.0269489513256826,0.5062801896498144,0.4040575353455279,1.6806628947842273,10108,0.0118717847249703,39.0,0.555599525128611,233.0,10108.0,
pleia_energy,blockB-dif_cons,energy,kWh per interval,0 days 00:10:00,1,10.0,cqr,0.95,legacy_fixed_intervals,bias_1.0sd,bias,1.0,1.0 sigma,2-of-3,42,10108.0,0.0933047902557901,2.4509604725406,0.9730906212900672,0.0230906212900673,0.3752742791449567,2.478965426176864,0.2640482785912149,0.6859517214087851,0.409892398206415,0.2345042329005323,7.240603263299037,10108,0.7066679857538584,271.0,3.860704392560349,7439.0,,
pleia_energy,blockB-dif_cons,energy,kWh per interval,0 days 00:10:00,1,10.0,cqr,0.95,closed_loop,bias_1.0sd,bias,1.0,1.0 sigma,2-of-3,42,10108.0,0.3541160198372586,2.467974925340591,0.1853977047882865,0.7646022952117134,0.1000722048376449,2.452279070709149,0.9777404036406806,0.0277404036406806,0.5151426960324422,0.4961964493057655,1.7020724792395752,10108,0.0049465769687376,25.0,0.3561535417491096,225.0,10108.0,
pleia_energy,blockB-dif_cons,energy,kWh per interval,0 days 00:10:00,1,10.0,cqr,0.95,legacy_fixed_intervals,bias_2.0sd,bias,2.0,2.0 sigma,2-of-3,42,10108.0,0.0933047902557901,2.4509604725406,0.9730906212900672,0.0230906212900673,0.7136488985153541,2.5525205832220355,0.0748911753066877,0.8751088246933122,0.409892398206415,0.2345042329005323,18.55090194213768,10108,0.9278789077958052,145.0,2.065690542144836,9351.0,,
pleia_energy,blockB-dif_cons,energy,kWh per interval,0 days 00:10:00,1,10.0,cqr,0.95,closed_loop,bias_2.0sd,bias,2.0,2.0 sigma,2-of-3,42,10108.0,0.6216172334795271,2.516075120089046,0.1803521962801741,0.7696478037198258,0.1342633811151858,2.455223263039336,0.9762564305500594,0.0262564305500594,0.8362730257645549,0.7614622383894809,2.0400416362937315,10108,0.0058369608231104,25.0,0.3561535417491096,240.0,10108.0,
pleia_energy,blockB-dif_cons,energy,kWh per interval,0 days 00:10:00,1,10.0,cqr,0.95,legacy_fixed_intervals,level_shift_1.0sd,level_shift,1.0,1.0 sigma,2-of-3,42,10108.0,0.0933047902557901,2.4509604725406,0.9730906212900672,0.0230906212900673,0.2157811983320054,2.466990132561443,0.7054808072813613,0.2445191927186386,0.409892398206415,0.2345042329005323,3.432416979946637,10108,0.2658290462999604,215.0,3.062920459042343,2977.0,,
pleia_energy,blockB-dif_cons,energy,kWh per interval,0 days 00:10:00,1,10.0,cqr,0.95,closed_loop,level_shift_1.0sd,level_shift,1.0,1.0 sigma,2-of-3,42,10108.0,0.1979098720439568,2.456634002786263,0.6640284922833399,0.28597150771666,0.0988683760476605,2.4522148207236683,0.9764542936288088,0.0264542936288089,0.4956269664248288,0.4749056867181995,1.6854528677646374,10108,0.0046497823506133,24.0,0.3419074000791452,238.0,10108.0,
pleia_energy,blockB-dif_cons,energy,kWh per interval,0 days 00:10:00,1,10.0,cqr,0.95,legacy_fixed_intervals,level_shift_2.0sd,level_shift,2.0,2.0 sigma,2-of-3,42,10108.0,0.0933047902557901,2.4509604725406,0.9730906212900672,0.0230906212900673,0.3840417119527513,2.506170004017819,0.5618322121092204,0.3881677878907795,0.409892398206415,0.2345042329005323,8.324962662464381,10108,0.435199841709537,133.0,1.8947368421052635,4429.0,,
pleia_energy,blockB-dif_cons,energy,kWh per interval,0 days 00:10:00,1,10.0,cqr,0.95,closed_loop,level_shift_2.0sd,level_shift,2.0,2.0 sigma,2-of-3,42,10108.0,0.3162608029280447,2.4756074354258093,0.6626434507320934,0.2873565492679065,0.1196210130575826,2.4548578090712176,0.9722991689750692,0.0222991689750693,0.6534545429432456,0.6463967107486223,1.871805940277606,10108,0.0059358923624851,28.0,0.3988919667590028,280.0,10108.0,
pleia_energy,blockB-dif_cons,energy,kWh per interval,0 days 00:10:00,1,10.0,cqr,0.95,legacy_fixed_intervals,drift_1.0sd,drift,1.0,1.0 sigma terminal,2-of-3,42,10108.0,0.0933047902557901,2.4509604725406,0.9730906212900672,0.0230906212900673,0.2099857764197696,2.4625997306753624,0.6387020182034032,0.3112979817965967,0.409892398206415,0.2345042329005323,2.679597866037842,10108,0.3299366838148002,265.0,3.775227542540562,3652.0,,
pleia_energy,blockB-dif_cons,energy,kWh per interval,0 days 00:10:00,1,10.0,cqr,0.95,closed_loop,drift_1.0sd,drift,1.0,1.0 sigma terminal,2-of-3,42,10108.0,0.2085172367922624,2.45465252709279,0.6068460625247328,0.3431539374752671,0.0999364665859755,2.451842394137947,0.9756628413138108,0.0256628413138109,0.5139320863394347,0.390849637984337,1.687426378477595,10108,0.0113771270280965,42.0,0.5983379501385042,246.0,10108.0,
pleia_energy,blockB-dif_cons,energy,kWh per interval,0 days 00:10:00,1,10.0,cqr,0.95,legacy_fixed_intervals,drift_2.0sd,drift,2.0,2.0 sigma terminal,2-of-3,42,10108.0,0.0933047902557901,2.4509604725406,0.9730906212900672,0.0230906212900673,0.3747820482522509,2.4897659704800468,0.3470518401266323,0.6029481598733676,0.409892398206415,0.2345042329005323,6.946054812111276,10108,0.6334586466165414,300.0,4.273842500989315,6600.0,,
pleia_energy,blockB-dif_cons,energy,kWh per interval,0 days 00:10:00,1,10.0,cqr,0.95,closed_loop,drift_2.0sd,drift,2.0,2.0 sigma terminal,2-of-3,42,10108.0,0.3412896430567518,2.469359959906732,0.4034428175702414,0.5465571824297586,0.1062978881336919,2.4532211436489915,0.9793233082706768,0.0293233082706767,0.6388435744500438,0.5695004256940807,1.822889656421412,10108,0.0061337554412346,31.0,0.4416303917688959,209.0,10108.0,
pleia_energy,blockB-dif_cons,energy,kWh per interval,0 days 00:10:00,1,10.0,cqr,0.95,legacy_fixed_intervals,stuck_5pct,stuck,0.05,5% of region,2-of-3,42,10108.0,0.0933047902557901,2.4509604725406,0.9730906212900672,0.0230906212900673,0.0933913944626829,2.450925722238453,0.9718045112781954,0.0218045112781954,0.409892398206415,0.2345042329005323,1.57971157385244,10108,0.0113771270280965,42.0,0.5983379501385042,285.0,,
pleia_energy,blockB-dif_cons,energy,kWh per interval,0 days 00:10:00,1,10.0,cqr,0.95,closed_loop,stuck_5pct,stuck,0.05,5% of region,2-of-3,42,10108.0,0.0952157005953288,2.451228001158862,0.9658686189157104,0.0158686189157103,0.0903025632204064,2.4507601954795795,0.97398100514444,0.0239810051444401,0.3986453354018623,0.2213380140526603,1.5655206022260433,10108,0.0090027700831024,38.0,0.5413533834586466,263.0,10108.0,
pleia_energy,blockB-dif_cons,energy,kWh per interval,0 days 00:10:00,1,10.0,cqr,0.95,legacy_fixed_intervals,dropout_5pct,dropout,0.05,5% of region,2-of-3,42,10108.0,0.0933047902557901,2.4509604725406,0.9730906212900672,0.0230906212900673,0.0932276199969804,2.450906900501697,0.9732884843688168,0.0232884843688168,0.409892398206415,0.2345042329005323,1.579372835205905,10108,0.0092995647012267,40.0,0.5698456667985754,270.0,,
pleia_energy,blockB-dif_cons,energy,kWh per interval,0 days 00:10:00,1,10.0,cqr,0.95,closed_loop,dropout_5pct,dropout,0.05,5% of region,2-of-3,42,10108.0,0.0932133709282108,2.4509500065822167,0.9728927582113178,0.0228927582113178,0.0923234516232733,2.450867472478357,0.9732884843688168,0.0232884843688168,0.4083278997462503,0.2339797775388687,1.5778268489586518,10108,0.0092995647012267,40.0,0.5698456667985754,270.0,10108.0,
pleia_energy,blockB-dif_cons,energy,kWh per interval,0 days 00:10:00,1,10.0,cqr,0.95,calibration_contamination,calib_contam_1pct,calibration_contamination,0.01,1%,,942,,,,,,,,0.98397309062129,0.03397309062129,1.0136711981794782,1.013671198179478,2.1478581603179614,10108,,,,,,101.0
pleia_energy,blockB-dif_cons,energy,kWh per interval,0 days 00:10:00,1,10.0,cqr,0.95,calibration_contamination,calib_contam_5pct,calibration_contamination,0.05,5%,,942,,,,,,,,0.9949544914918876,0.0449544914918876,1.594406922318336,1.5944069223183364,2.62693440136069,10108,,,,,,505.0
pleia_energy,blockB-dif_cons,energy,kWh per interval,0 days 00:10:00,1,10.0,cqr,0.95,calibration_contamination,calib_contam_10pct,calibration_contamination,0.1,10%,,942,,,,,,,,0.996834190740008,0.0468341907400079,2.044384330883773,2.044384330883773,3.0589819465866035,10108,,,,,,1011.0
rico,B.RTD3,temperature,degC,0 days 00:01:00,5,5.0,cqr,0.95,legacy_fixed_intervals,clean,none,0.0,none,2-of-3,42,9282.0,0.1112599941052588,0.1516365220845113,0.7805429864253394,0.1694570135746606,0.1112599941052588,0.1516365220845113,0.7805429864253394,0.1694570135746606,1.444494585284008,1.0857162345862266,4.968101989733042,9282,0.2209653092006033,81.0,12.566257272139625,2037.0,,
rico,B.RTD3,temperature,degC,0 days 00:01:00,5,5.0,cqr,0.95,closed_loop,clean,none,0.0,none,2-of-3,42,9282.0,0.1112599941052588,0.1516365220845113,0.7805429864253394,0.1694570135746606,0.1112599941052588,0.1516365220845113,0.7805429864253394,0.1694570135746606,1.444494585284008,1.0857162345862266,4.968101989733042,9282,0.2209653092006033,81.0,12.566257272139625,2037.0,,
rico,B.RTD3,temperature,degC,0 days 00:01:00,5,5.0,cqr,0.95,legacy_fixed_intervals,random_missing_5pct,random_missing,0.05,5%,2-of-3,42,9282.0,0.1112599941052588,0.1516365220845113,0.7805429864253394,0.1694570135746606,0.1112711537414689,0.1516933437102821,0.7807348346083396,0.1692651653916603,1.444494585284008,1.0857162345862266,4.96836887649454,9281,0.2207498383968972,80.0,12.411118293471231,2035.0,,
rico,B.RTD3,temperature,degC,0 days 00:01:00,5,5.0,cqr,0.95,closed_loop,random_missing_5pct,random_missing,0.05,5%,2-of-3,42,9241.0,0.1114295538987686,0.1518699478080146,0.780326804458392,0.1696731955416079,0.1114150319648375,0.1517983505109276,0.7802185910615734,0.1697814089384265,1.4443750231900263,1.0825057678114334,4.970935821877845,9241,0.2209717563034303,82.0,12.777837896331564,2031.0,9241.0,
rico,B.RTD3,temperature,degC,0 days 00:01:00,5,5.0,cqr,0.95,legacy_fixed_intervals,random_missing_10pct,random_missing,0.1,10%,2-of-3,42,9282.0,0.1112599941052588,0.1516365220845113,0.7805429864253394,0.1694570135746606,0.110961862079327,0.1513412240514635,0.7807348346083396,0.1692651653916603,1.444494585284008,1.0857162345862266,4.965405540668523,9281,0.220318896789485,83.0,12.876535229476405,2035.0,,
rico,B.RTD3,temperature,degC,0 days 00:01:00,5,5.0,cqr,0.95,closed_loop,random_missing_10pct,random_missing,0.1,10%,2-of-3,42,9241.0,0.1112482586698579,0.1516944186529893,0.7811925116329401,0.1688074883670598,0.1110471660079979,0.1515188578288106,0.7810842982361216,0.1689157017638783,1.445825435320509,1.0920533325191109,4.976103063283679,9241,0.219456768747971,82.0,12.777837896331564,2023.0,9241.0,
rico,B.RTD3,temperature,degC,0 days 00:01:00,5,5.0,cqr,0.95,legacy_fixed_intervals,random_missing_20pct,random_missing,0.2,20%,2-of-3,42,9282.0,0.1112599941052588,0.1516365220845113,0.7805429864253394,0.1694570135746606,0.1107290417243211,0.1510535125009186,0.7812938762285344,0.1687061237714655,1.444494585284008,1.0857162345862266,4.965984438862542,9259,0.2189183365653954,81.0,12.566257272139625,2025.0,,
rico,B.RTD3,temperature,degC,0 days 00:01:00,5,5.0,cqr,0.95,closed_loop,random_missing_20pct,random_missing,0.2,20%,2-of-3,42,9030.0,0.1116848445246266,0.1521821665432519,0.7808416389811739,0.1691583610188261,0.1114645621508181,0.1518005645210738,0.781063122923588,0.1689368770764119,1.4487458220472793,1.0919923471195403,4.984407553743998,9030,0.219047619047619,83.0,13.235880398671098,1977.0,9030.0,
rico,B.RTD3,temperature,degC,0 days 00:01:00,5,5.0,cqr,0.95,legacy_fixed_intervals,block_missing_5pct,block_missing,0.05,5%,2-of-3,42,9282.0,0.1112599941052588,0.1516365220845113,0.7805429864253394,0.1694570135746606,0.1117213321965807,0.1524142779580107,0.7828316610925307,0.1671683389074693,1.444494585284008,1.0857162345862266,4.932082749945917,8970,0.2113768584356819,88.0,13.652230122818358,1948.0,,
rico,B.RTD3,temperature,degC,0 days 00:01:00,5,5.0,cqr,0.95,closed_loop,block_missing_5pct,block_missing,0.05,5%,2-of-3,42,8358.0,0.1034476000394183,0.1406587769561657,0.7747068676716918,0.1752931323283081,0.1034146064679944,0.1406629124264171,0.7748265135199809,0.175173486480019,1.4292121666304165,1.0497439156424857,5.142808530812848,8358,0.2255324240248863,69.0,11.888011486001435,1882.0,8358.0,
rico,B.RTD3,temperature,degC,0 days 00:01:00,5,5.0,cqr,0.95,legacy_fixed_intervals,block_missing_10pct,block_missing,0.1,10%,2-of-3,42,9282.0,0.1112599941052588,0.1516365220845113,0.7805429864253394,0.1694570135746606,0.1121765652446607,0.1530082262631469,0.7842797783933518,0.1657202216066481,1.444494585284008,1.0857162345862266,4.900895190447145,8664,0.202650290885585,97.0,15.048480930833872,1869.0,,
rico,B.RTD3,temperature,degC,0 days 00:01:00,5,5.0,cqr,0.95,closed_loop,block_missing_10pct,block_missing,0.1,10%,2-of-3,42,7434.0,0.1049688232592462,0.143539732810153,0.7730696798493408,0.1769303201506591,0.1050094191368396,0.1435662938412534,0.7732041969330105,0.1767958030669895,1.4374931049196342,1.0585257940399604,5.231023122749415,7434,0.2277374226526768,63.0,12.203389830508476,1686.0,7434.0,
rico,B.RTD3,temperature,degC,0 days 00:01:00,5,5.0,cqr,0.95,legacy_fixed_intervals,bias_0.5sd,bias,0.5,0.5 sigma,2-of-3,42,9282.0,0.1112599941052588,0.1516365220845113,0.7805429864253394,0.1694570135746606,2.8576168765711936,2.8615525029742748,0.0494505494505494,0.9005494505494505,1.444494585284008,1.0857162345862266,76.739980214023,9282,0.9509803921568628,25.0,3.87847446670976,8823.0,,
rico,B.RTD3,temperature,degC,0 days 00:01:00,5,5.0,cqr,0.95,closed_loop,bias_0.5sd,bias,0.5,0.5 sigma,2-of-3,42,9282.0,2.791292976398933,2.7960757611435847,0.0053867700926524,0.9446132299073476,0.119856981552769,0.1693885323614791,0.7987502693385047,0.1512497306614952,1.4857677861941054,1.362040781482655,4.807694061291545,9282,0.1995259642318466,110.0,17.065287653522947,1868.0,9282.0,
rico,B.RTD3,temperature,degC,0 days 00:01:00,5,5.0,cqr,0.95,legacy_fixed_intervals,bias_1.0sd,bias,1.0,1.0 sigma,2-of-3,42,9282.0,0.1112599941052588,0.1516365220845113,0.7805429864253394,0.1694570135746606,5.693208294780451,5.695184738160015,0.0,0.95,1.444494585284008,1.0857162345862266,189.6898708353241,9282,0.999892264598147,1.0,0.1551389786683904,9282.0,,
rico,B.RTD3,temperature,degC,0 days 00:01:00,5,5.0,cqr,0.95,closed_loop,bias_1.0sd,bias,1.0,1.0 sigma,2-of-3,42,9282.0,5.4404327409026765,5.445256842919918,0.000215470803706,0.949784529196294,0.2472088601892356,0.3252065246285218,0.5996552467140702,0.3503447532859297,1.35042788545879,1.178007255597727,4.994625268013887,9282,0.3990519284636932,211.0,32.73432449903038,3716.0,9282.0,
rico,B.RTD3,temperature,degC,0 days 00:01:00,5,5.0,cqr,0.95,legacy_fixed_intervals,bias_2.0sd,bias,2.0,2.0 sigma,2-of-3,42,9282.0,0.1112599941052588,0.1516365220845113,0.7805429864253394,0.1694570135746606,11.364391131198966,11.365381396895026,0.0,0.95,1.444494585284008,1.0857162345862266,416.5371842920645,9282,0.999892264598147,1.0,0.1551389786683904,9282.0,,
rico,B.RTD3,temperature,degC,0 days 00:01:00,5,5.0,cqr,0.95,closed_loop,bias_2.0sd,bias,2.0,2.0 sigma,2-of-3,42,9282.0,10.511514164315672,10.58173277536072,0.000107735401853,0.9498922645981468,0.8328120914950518,1.4735849930514608,0.5024779142426201,0.4475220857573798,2.187629990699468,2.1366093977914886,20.88525608051672,9282,0.4971988795518207,125.0,19.392372333548803,4618.0,9282.0,
rico,B.RTD3,temperature,degC,0 days 00:01:00,5,5.0,cqr,0.95,legacy_fixed_intervals,level_shift_1.0sd,level_shift,1.0,1.0 sigma,2-of-3,42,9282.0,0.1112599941052588,0.1516365220845113,0.7805429864253394,0.1694570135746606,2.8956375510192744,4.024546924324827,0.4249084249084249,0.525091575091575,1.444494585284008,1.0857162345862266,96.50689500840504,9282,0.5756302521008403,25.0,3.87847446670976,5338.0,,
rico,B.RTD3,temperature,degC,0 days 00:01:00,5,5.0,cqr,0.95,closed_loop,level_shift_1.0sd,level_shift,1.0,1.0 sigma,2-of-3,42,9282.0,2.852937126322739,3.891430131182734,0.3850463262227968,0.5649536737772032,0.3584698801985684,0.9860854129631236,0.6690368455074337,0.2809631544925662,1.434919754922632,1.1869303175181312,9.619102426132912,9282,0.3316095669036845,177.0,27.459599224305105,3072.0,9282.0,
rico,B.RTD3,temperature,degC,0 days 00:01:00,5,5.0,cqr,0.95,legacy_fixed_intervals,level_shift_2.0sd,level_shift,2.0,2.0 sigma,2-of-3,42,9282.0,0.1112599941052588,0.1516365220845113,0.7805429864253394,0.1694570135746606,5.731228969228531,8.033260671822053,0.4249084249084249,0.525091575091575,1.444494585284008,1.0857162345862266,209.93055173677527,9282,0.5756302521008403,25.0,3.87847446670976,5338.0,,
rico,B.RTD3,temperature,degC,0 days 00:01:00,5,5.0,cqr,0.95,closed_loop,level_shift_2.0sd,level_shift,2.0,2.0 sigma,2-of-3,42,9282.0,5.388320889432873,7.499264905128871,0.3847231200172377,0.5652768799827623,0.8889451034020339,2.2925926184328884,0.6235725059254471,0.3264274940745528,1.9771017737308811,1.937419451188649,27.667863008690155,9282,0.3778280542986425,130.0,20.16806722689076,3494.0,9282.0,
rico,B.RTD3,temperature,degC,0 days 00:01:00,5,5.0,cqr,0.95,legacy_fixed_intervals,drift_1.0sd,drift,1.0,1.0 sigma terminal,2-of-3,42,9282.0,0.1112599941052588,0.1516365220845113,0.7805429864253394,0.1694570135746606,2.859863001298105,3.2942414294467683,0.193815987933635,0.756184012066365,1.444494585284008,1.0857162345862266,84.1530697670038,9282,0.806076276664512,17.0,2.6373626373626373,7483.0,,
rico,B.RTD3,temperature,degC,0 days 00:01:00,5,5.0,cqr,0.95,closed_loop,drift_1.0sd,drift,1.0,1.0 sigma terminal,2-of-3,42,9282.0,2.8773012102800606,3.2356834603192084,0.0791855203619909,0.8708144796380091,0.2086768230492235,0.2683796376117279,0.6737772031889679,0.276222796811032,1.369153186857689,1.1474810148212988,4.688444394727733,9282,0.3254686489980607,242.0,37.54363283775048,3028.0,9282.0,
rico,B.RTD3,temperature,degC,0 days 00:01:00,5,5.0,cqr,0.95,legacy_fixed_intervals,drift_2.0sd,drift,2.0,2.0 sigma terminal,2-of-3,42,9282.0,0.1112599941052588,0.1516365220845113,0.7805429864253394,0.1694570135746606,5.694142555648688,6.566868192927239,0.1310062486533074,0.8189937513466925,1.444494585284008,1.0857162345862266,192.8586780819357,9282,0.8688860159448395,11.0,1.7065287653522947,8066.0,,
rico,B.RTD3,temperature,degC,0 days 00:01:00,5,5.0,cqr,0.95,closed_loop,drift_2.0sd,drift,2.0,2.0 sigma terminal,2-of-3,42,9282.0,5.503752622234535,6.188367180584177,0.0206851971557853,0.9293148028442144,0.6163445067908775,0.967125982721104,0.4494720965309201,0.5005279034690799,1.614945418499425,1.4039819667641176,13.211123106501743,9282,0.5531135531135531,237.0,36.76793794440853,5110.0,9282.0,
rico,B.RTD3,temperature,degC,0 days 00:01:00,5,5.0,cqr,0.95,legacy_fixed_intervals,stuck_5pct,stuck,0.05,5% of region,2-of-3,42,9282.0,0.1112599941052588,0.1516365220845113,0.7805429864253394,0.1694570135746606,0.225642762914652,0.6254653648109784,0.737879767291532,0.2121202327084679,1.444494585284008,1.0857162345862266,7.520568947830987,9282,0.2637362637362637,82.0,12.721396250808017,2433.0,,
rico,B.RTD3,temperature,degC,0 days 00:01:00,5,5.0,cqr,0.95,closed_loop,stuck_5pct,stuck,0.05,5% of region,2-of-3,42,9282.0,0.1147918545192986,0.1570747657712394,0.7780650721827193,0.1719349278172807,0.1136388372110478,0.1552118187154503,0.7795733678086619,0.170426632191338,1.445795873486843,1.0857162345862266,4.990552336689165,9282,0.2212885154061624,85.0,13.186813186813186,2046.0,9282.0,
rico,B.RTD3,temperature,degC,0 days 00:01:00,5,5.0,cqr,0.95,legacy_fixed_intervals,dropout_5pct,dropout,0.05,5% of region,2-of-3,42,9282.0,0.1112599941052588,0.1516365220845113,0.7805429864253394,0.1694570135746606,0.468583048484376,1.666629849090669,0.7595345830639948,0.1904654169360051,1.444494585284008,1.0857162345862266,18.308667246920592,9282,0.2416505063563887,77.0,11.945701357466062,2232.0,,
rico,B.RTD3,temperature,degC,0 days 00:01:00,5,5.0,cqr,0.95,closed_loop,dropout_5pct,dropout,0.05,5% of region,2-of-3,42,9282.0,0.1200883684293097,0.1707617999168398,0.7762335703512174,0.1737664296487825,0.1193156532476922,0.1680450197213913,0.7792501616031028,0.1707498383968971,1.4462269783039523,1.0969771781760116,4.989091262511617,9282,0.2218271924154277,87.0,13.497091144149968,2049.0,9282.0,
rico,B.RTD3,temperature,degC,0 days 00:01:00,5,5.0,cqr,0.95,calibration_contamination,calib_contam_1pct,calibration_contamination,0.01,1%,,942,,,,,,,,0.921137685843568,0.0288623141564318,0.5730967156692071,0.5730967156692071,0.8876626722248396,9282,,,,,,91.0
rico,B.RTD3,temperature,degC,0 days 00:01:00,5,5.0,cqr,0.95,calibration_contamination,calib_contam_5pct,calibration_contamination,0.05,5%,,942,,,,,,,,0.999784529196294,0.0497845291962939,17.49273654809471,17.492736548094708,17.49290744467252,9282,,,,,,453.0
rico,B.RTD3,temperature,degC,0 days 00:01:00,5,5.0,cqr,0.95,calibration_contamination,calib_contam_10pct,calibration_contamination,0.1,10%,,942,,,,,,,,1.0,0.05,34.02742145953789,34.02742145953789,34.02742145953789,9282,,,,,,906.0
