timestamp,observed,point_forecast,lower,upper,interval_violation,injected_event,alert_3of5,alert_4of7
2021-10-13 12:30:00,28.8,28.386318208920432,27.35553908663428,29.08398833411677,0,0,1,0
2021-10-13 12:40:00,29.0,28.46547787043924,27.39041426646575,29.022446433637576,0,0,0,0
2021-10-13 12:50:00,29.0,28.485227238398757,27.54970317556869,29.074021549882083,0,0,0,0
2021-10-13 13:00:00,29.1,28.502152622435844,27.6164086428505,29.083076045214963,1,0,0,0
2021-10-13 13:10:00,29.0,28.5240492183078,27.68121590517722,29.10806623431968,0,0,0,0
2021-10-13 13:20:00,29.1,28.71960801815919,27.96430241894861,29.13508044766782,0,0,0,0
2021-10-13 13:30:00,29.1,28.57919144847351,28.000140226558543,29.098573689646734,1,0,0,0
2021-10-13 13:40:00,29.1,28.709282935736702,28.002337467968943,29.07476024079491,1,0,1,0
2021-10-13 13:50:00,29.2,28.869981505899396,28.013763766554227,29.075483706854783,1,0,1,1
2021-10-13 14:00:00,29.2,28.88121016026879,28.002663713260542,29.115432253311123,1,0,1,1
2021-10-13 14:10:00,29.3,28.927932361261536,28.06648333874417,29.163540432101023,1,0,1,1
2021-10-13 14:20:00,29.3,28.93404267426085,28.06626236615758,29.244994989977936,1,0,1,1
2021-10-13 14:30:00,28.4,28.912901441862985,28.07213976556864,29.28618286488796,0,0,1,1
2021-10-13 14:40:00,27.9,28.63079962677551,27.81731405273302,29.3237346677474,0,0,1,1
2021-10-13 14:50:00,28.2,28.10566306939637,26.544446559769675,28.827662065584708,0,0,0,1
2021-10-13 15:00:00,27.7,27.79770001859229,26.654034491383463,28.741279024811643,0,0,0,0
2021-10-13 15:10:00,28.1,27.810921199968643,26.413491650436487,28.651040296066466,0,0,0,0
2021-10-13 15:20:00,27.3,27.333122245331623,26.76210459949728,28.27324972746104,0,0,0,0
2021-10-13 15:30:00,27.5,27.65320748140809,26.36955970095134,28.53713245442407,0,0,0,0
2021-10-13 15:40:00,27.5,26.96906100964758,26.34764449872531,27.9231715079604,0,0,0,0
2021-10-13 15:50:00,27.3,26.984328072650765,26.154526263888965,27.87969133667978,0,0,0,0
2021-10-13 16:00:00,27.2,27.1207599371652,26.426007838911232,27.8835608816035,0,0,0,0
2021-10-13 16:10:00,27.6,26.96912061602458,26.316254696528475,27.881012473043835,0,0,0,0
2021-10-13 16:20:00,27.6,27.125593482839545,26.34430249698981,27.748190950554925,0,0,0,0
2021-10-13 16:30:00,27.4,27.17583503254814,26.49256271803863,27.88778302202023,0,0,0,0
2021-10-13 16:40:00,27.4,27.175172602175945,26.38433936844924,27.93652699198897,0,0,0,0
2021-10-13 16:50:00,27.5,27.160438440975707,26.391122433811024,27.78961390486331,0,0,0,0
2021-10-13 17:00:00,27.5,27.16680460671149,26.43251847829875,27.751741617808843,0,0,0,0
2021-10-13 17:10:00,27.7,27.20261993319504,26.585752117906573,27.70826343774577,0,0,0,0
2021-10-13 17:20:00,27.3,27.203767516207098,26.70030378174146,27.78348314643893,0,0,0,0
2021-10-13 17:30:00,27.6,27.322712926934333,26.72294538802937,27.90806283644389,0,0,0,0
2021-10-13 17:40:00,27.7,27.18423782663402,26.735022148133243,27.781188290743007,0,0,0,0
2021-10-13 17:50:00,27.9,27.2047618639151,26.73846994938744,27.88417058980874,1,0,0,0
2021-10-13 18:00:00,28.1,27.3325568651154,26.662582989890023,27.936887551995405,1,0,0,0
2021-10-13 18:10:00,28.5,27.638596291404596,26.68443938930133,28.30462563402039,1,0,1,0
2021-10-13 18:20:00,28.5,27.734911543983475,26.461449330181285,28.564538672954328,0,0,1,0
2021-10-13 18:30:00,28.5,28.047917167245505,26.989235288213248,28.810978640021418,0,0,1,0
2021-10-13 18:40:00,27.8,28.0975186105724,27.335195547489334,28.805246524006023,0,0,0,0
2021-10-13 18:50:00,27.5,28.057970078726488,27.31684081295412,28.814003716055613,0,0,0,0
2021-10-13 19:00:00,27.0,27.55426925120296,26.85393155853254,28.362655351759287,0,0,0,0
2021-10-13 19:10:00,26.7,27.02856645071332,25.947990753044888,28.126530703403155,0,0,0,0
2021-10-13 19:20:00,26.5,26.574663415619053,25.78602152439988,27.818430047575006,0,0,0,0
2021-10-13 19:30:00,26.5,26.267551563551542,25.59892174087664,27.51094495336559,0,0,0,0
2021-10-13 19:40:00,26.3,26.110304753723515,25.754835725086654,27.444714947869222,0,0,0,0
2021-10-13 19:50:00,26.1,26.098423435402527,25.751345265717685,27.30680581870948,0,0,0,0
2021-10-13 20:00:00,25.9,26.113747088105978,25.816004362134112,27.037542055561293,0,0,0,0
2021-10-13 20:10:00,25.8,26.066601028672263,25.33436856287212,26.89162325720712,0,0,0,0
2021-10-13 20:20:00,26.0,25.67232583562337,25.217758436045905,26.88190404230684,0,0,0,0
2021-10-13 20:30:00,25.8,25.669832020525018,25.19818608126897,26.87408714786281,0,0,0,0
2021-10-13 20:40:00,25.7,25.844461155255782,25.162201166302943,26.795591818517497,0,0,0,0
2021-10-13 20:50:00,25.8,25.674378273015854,25.26377089437679,26.66844053853545,0,0,0,0
2021-10-13 21:00:00,25.8,25.622355691648934,25.273653288621706,26.55287861855209,0,0,0,0
2021-10-13 21:10:00,25.5,25.61686478177065,25.30550910961347,26.4141795515198,0,0,0,0
2021-10-13 21:20:00,25.5,25.667656142841405,25.21815812099723,26.498507808449016,0,0,0,0
2021-10-13 21:30:00,25.6,25.44266468928439,25.11250555253523,26.376017361091154,0,0,0,0
2021-10-13 21:40:00,25.7,25.445288925029896,25.13012219858929,26.36901165939528,0,0,0,0
2021-10-13 21:50:00,25.8,25.466055093361884,25.09814864507701,26.36901165939528,0,0,0,0
2021-10-13 22:00:00,25.8,25.677629204217705,25.16855736507864,26.36901165939528,0,0,0,0
2021-10-13 22:10:00,25.8,25.68436811002024,25.20085323750931,26.43610019379288,0,0,0,0
2021-10-13 22:20:00,25.9,25.676541015200662,25.254457106747505,26.4155846286944,0,0,0,0
2021-10-13 22:30:00,25.7,25.65266883370587,25.22514779107201,26.392404697811696,0,1,0,0
2021-10-13 22:40:00,25.444587365130975,25.68903344594781,25.24131454389873,26.363765829332984,0,1,0,0
2021-10-13 22:50:00,24.88917473026195,25.652521283482304,25.20103702598942,26.297223516652146,1,1,0,0
2021-10-13 23:00:00,24.43376209539293,25.66945643909442,25.05942395767341,26.456213154868948,1,1,0,0
2021-10-13 23:10:00,24.378349460523904,25.2790478431938,24.87317077348688,26.30263966064837,1,1,1,0
2021-10-13 23:20:00,24.22293682565488,25.27726893795393,24.2908656828966,26.159889189878616,1,1,1,1
2021-10-13 23:30:00,23.967524190785856,25.22018318603469,24.59070978739945,26.225038020173947,1,1,1,1
2021-10-13 23:40:00,23.51211155591683,25.416670628355984,24.648176997898045,26.438173730011822,1,1,1,1
2021-10-13 23:50:00,23.05669892104781,25.40065185253395,24.81057201066601,26.33643349668175,1,1,1,1
2021-10-14 00:00:00,22.501286286178786,25.272621782813808,24.60362781495441,26.19153541940919,1,1,1,1
2021-10-14 00:10:00,22.24587365130976,25.02768860405396,24.25653300741225,26.146700330369374,1,1,1,1
2021-10-14 00:20:00,21.790461016440737,24.61345838326641,24.107338646979542,26.01610518681484,1,1,1,1
2021-10-14 00:30:00,21.635048381571714,24.62754732160691,24.10814352702554,25.890544876965432,1,1,1,1
2021-10-14 00:40:00,21.47963574670269,24.70142282398413,23.82329349585198,25.80184522921702,1,1,1,1
2021-10-14 00:50:00,21.224223111833666,24.683474455009847,24.137416664818375,25.784367682094235,1,1,1,1
2021-10-14 01:00:00,20.768810476964642,24.62286358383252,24.272092197005524,25.641391786951303,1,1,1,1
2021-10-14 01:10:00,20.51339784209562,24.623453861927327,24.225639448346254,25.692884945946957,1,1,1,1
2021-10-14 01:20:00,20.257985207226596,24.621212091556867,23.90914950288316,25.61316552634121,1,1,1,1
2021-10-14 01:30:00,20.20257257235757,24.621212091556867,23.908208904419887,25.61316552634121,1,1,1,1
2021-10-14 01:40:00,19.547159937488544,24.66047372429256,24.03205630132879,25.626043832033904,1,1,1,1
2021-10-14 01:50:00,19.39174730261952,24.680765849760487,23.88432630642068,25.73267489210717,1,1,1,1
2021-10-14 02:00:00,19.236334667750498,24.231638044476338,23.759255338229533,25.288768071563904,1,1,1,1
2021-10-14 02:10:00,18.880922032881475,24.45115992119594,23.762724712531323,25.627444980851603,1,1,1,1
2021-10-14 02:20:00,18.42550939801245,24.66726085449377,23.74661557983425,25.641186513441788,1,1,1,1
2021-10-14 02:30:00,18.070096763143425,24.458981062002483,23.664491016282064,25.7425740760432,1,1,1,1
2021-10-14 02:40:00,17.714684128274406,24.246514599760484,23.71090754760966,25.313247112733563,1,1,1,1
2021-10-14 02:50:00,17.45927149340538,24.247754786755326,23.61411130188818,25.394336986826534,1,1,1,1
2021-10-14 03:00:00,17.003858858536354,24.255457472855245,23.584943540387695,25.27706521958485,1,1,1,1
2021-10-14 03:10:00,16.948446223667332,24.267829553635767,23.323106008508027,25.28979848339,1,1,1,1
2021-10-14 03:20:00,16.793033588798306,24.00693665138813,23.467660103566097,25.10899137975622,1,1,1,1
2021-10-14 03:30:00,17.037620953929284,24.23503001101077,23.529668738757213,24.85438724504665,1,1,1,1
2021-10-14 03:40:00,16.78220831906026,24.25455274319705,23.328098149776157,25.48054379302176,1,1,1,1
2021-10-14 03:50:00,16.326795684191236,24.680358729698337,23.708253791938425,25.9012485775096,1,1,1,1
2021-10-14 04:00:00,15.871383049322212,24.682558240470325,23.732385759908396,25.96052361830592,1,1,1,1
2021-10-14 04:10:00,15.515970414453188,24.45744790768426,23.586672628093865,25.863860951143806,1,1,1,1
2021-10-14 04:20:00,15.760557779584163,24.241824601228437,23.584537227608564,25.523442978951294,1,1,1,1
2021-10-14 04:30:00,25.1,24.26617953622046,23.613710422953496,25.44762610868446,0,1,1,1
2021-10-14 04:40:00,24.4,24.707744584638764,23.749359547947257,25.94906779762182,0,1,1,1
2021-10-14 04:50:00,24.9,25.03011159884301,23.80908767544248,26.079653317601043,0,1,0,1
2021-10-14 05:00:00,25.2,24.2677640270251,23.572072507703343,25.47802623758924,0,1,0,0
2021-10-14 05:10:00,25.7,24.86598150968459,23.937607671395146,26.126817224532875,0,1,0,0
2021-10-14 05:20:00,25.8,25.202385760086504,24.028163467386065,26.150703380111445,0,1,0,0
2021-10-14 05:30:00,26.0,25.566394562344843,24.37745558464076,26.74235240528316,0,0,0,0
2021-10-14 05:40:00,25.8,25.604720893196525,24.4107471191942,26.848334153096665,0,0,0,0
2021-10-14 05:50:00,25.5,25.957410319331892,24.82181963359407,26.881448527294648,0,0,0,0
2021-10-14 06:00:00,25.3,25.766869292461724,24.906402773894133,26.776417265239264,0,0,0,0
2021-10-14 06:10:00,25.0,25.56373043372568,24.7586820076671,26.637203444490133,0,0,0,0
2021-10-14 06:20:00,24.9,25.27121481575637,24.7107175111692,26.465954924582498,0,0,0,0
2021-10-14 06:30:00,24.7,24.92646401476726,24.076669425886973,26.325286661236643,0,0,0,0
2021-10-14 06:40:00,24.6,24.926379939823523,24.05755820906677,26.309057676331243,0,0,0,0
2021-10-14 06:50:00,24.8,24.75347666483602,24.02804906882852,25.95460732945094,0,0,0,0
2021-10-14 07:00:00,24.6,24.722706294188157,23.784454617848883,25.875036672934733,0,0,0,0
2021-10-14 07:10:00,24.6,24.733290142810805,24.09366588405256,25.842794762321024,0,0,0,0
2021-10-14 07:20:00,24.8,24.724719175816976,24.15964529764868,25.70344971988562,0,0,0,0
2021-10-14 07:30:00,24.9,24.670757911439,23.987969247617297,25.68165372097548,0,0,0,0
2021-10-14 07:40:00,24.7,24.728374657996472,24.2561749799801,25.78518285432399,0,0,0,0
2021-10-14 07:50:00,24.8,24.93051618610229,24.37270101519193,25.92131049698488,0,0,0,0
2021-10-14 08:00:00,24.9,24.722017490382097,24.24003614919793,25.780135774989457,0,0,0,0
2021-10-14 08:10:00,25.2,24.687041865200865,24.227340184183607,25.759326126656287,0,0,0,0
2021-10-14 08:20:00,25.4,24.94180673772465,24.18301943491808,26.00451059194715,0,0,0,0
2021-10-14 08:30:00,25.4,25.304640936315348,24.201748421165284,26.093977566971915,0,0,0,0
2021-10-14 08:40:00,28.03486055510396,25.28751380628996,24.41815112952532,26.262511210009144,1,1,0,0
2021-10-14 08:50:00,27.93486055510396,25.34859994961001,24.48794107806955,26.502433561686765,1,1,0,0
2021-10-14 09:00:00,28.334860555103962,25.676016609009533,24.64252012152371,26.6457572622551,1,1,1,0
2021-10-14 09:10:00,28.63486055510396,25.663911438133983,24.964794067175056,26.56728442147032,1,1,1,1
2021-10-14 09:20:00,28.834860555103962,26.116103790688687,25.05662325833803,26.76955541834556,1,1,1,1
2021-10-14 09:30:00,28.63486055510396,26.10314051647882,25.26679704383601,27.192801298670663,1,1,1,1
2021-10-14 09:40:00,29.03486055510396,26.266289149241462,25.35743007524052,27.16972963323242,1,1,1,1
2021-10-14 09:50:00,29.13486055510396,26.13836801474859,25.364960364436605,27.2135829169224,1,1,1,1
2021-10-14 10:00:00,29.53486055510396,26.5163883186778,25.707528439888247,27.17120702682869,1,1,1,1
2021-10-14 10:10:00,29.63486055510396,26.805238964386778,25.964006841876007,27.427403179007367,1,1,1,1
2021-10-14 10:20:00,29.73486055510396,27.052056875724777,26.017121785650144,27.847034720814865,1,1,1,1
2021-10-14 10:30:00,29.834860555103962,27.067854457469647,26.065219939436968,27.932753051173197,1,1,1,1
2021-10-14 10:40:00,27.7,27.072875034262413,26.17919665926457,27.921174698891424,0,1,1,1
2021-10-14 10:50:00,27.8,27.25394958144224,26.24112051724166,28.064370584771176,0,1,1,1
2021-10-14 11:00:00,27.9,27.35318487976775,26.51879396170316,28.067516326177955,0,1,0,1
2021-10-14 11:10:00,27.8,27.607610587176755,26.56159999850631,28.23072712830181,0,1,0,0
2021-10-14 11:20:00,28.0,27.753784598183227,26.675852341280034,28.29272371072206,0,1,0,0
2021-10-14 11:30:00,28.1,27.63159262918428,26.651279807828967,28.20505198782549,0,1,0,0
2021-10-14 11:40:00,28.2,27.769697485862128,26.672938263882138,28.43126603250522,0,0,0,0
2021-10-14 11:50:00,28.3,27.870195036859236,26.73332444664323,28.586307044128045,0,0,0,0
2021-10-14 12:00:00,28.4,27.846085402401908,27.004964414107253,28.6487959842436,0,0,0,0
2021-10-14 12:10:00,28.5,28.094811942635456,27.238804930327337,28.63759649857874,0,0,0,0
2021-10-14 12:20:00,28.6,28.097025282294243,27.29515762901768,28.650877687228505,0,0,0,0
2021-10-14 12:30:00,28.6,28.172837746134075,27.58759018758208,28.90629068711141,0,0,0,0
2021-10-14 12:40:00,28.8,28.282371879734026,27.74232144961597,28.87626911849179,0,0,0,0
2021-10-14 12:50:00,28.7,28.27931964144564,27.762249324362305,28.89998321277795,0,0,0,0
2021-10-14 13:00:00,28.8,28.55887666865793,27.81698111512924,29.074343944607698,0,0,0,0
2021-10-14 13:10:00,28.7,28.454878986490225,27.830284035757767,28.915171332888047,0,0,0,0
2021-10-14 13:20:00,28.8,28.571832882523086,27.83262438455438,29.10018935812156,0,0,0,0
2021-10-14 13:30:00,28.9,28.4858105861698,27.82585298819216,28.90679776889821,0,0,0,0
2021-10-14 13:40:00,29.0,28.557913081133147,27.82819333698877,29.071406271981125,0,0,0,0
2021-10-14 13:50:00,29.1,28.698905399649007,27.855529662344143,29.002995370100745,1,0,0,0
2021-10-14 14:00:00,28.9,28.704706760819533,27.86731444488357,29.075217951939845,0,0,0,0
2021-10-14 14:10:00,29.0,28.86364809469625,27.85914757269505,29.168376211788555,0,0,0,0
2021-10-14 14:20:00,29.0,28.79148081828206,28.17632891764925,29.09925184509551,0,0,0,0
