dataset,recalibration_strategy,block_start,block_index,n,empirical_coverage,coverage_deviation,mean_interval_width,post_shift
rico,static,21,-77,60,1.0,0.050000000000000044,0.5358628705243919,False
rico,static,81,-76,60,1.0,0.050000000000000044,0.5358628705243919,False
rico,static,141,-75,60,0.9,0.04999999999999993,0.5358628705243919,False
rico,static,201,-74,60,1.0,0.050000000000000044,0.5358628705243919,False
rico,static,261,-73,60,1.0,0.050000000000000044,0.5358628705243919,False
rico,static,321,-72,60,0.9,0.04999999999999993,0.5358628705243919,False
rico,static,381,-71,60,1.0,0.050000000000000044,0.5358628705243919,False
rico,static,441,-70,60,0.3333333333333333,0.6166666666666667,0.5358628705243934,False
rico,static,501,-69,60,1.0,0.050000000000000044,0.5358628705243937,False
rico,static,561,-68,60,1.0,0.050000000000000044,0.5358628705243937,False
rico,static,621,-67,60,1.0,0.050000000000000044,0.5358628705243937,False
rico,static,681,-66,60,0.95,0.0,0.5358628705243937,False
rico,static,741,-65,60,0.9333333333333333,0.016666666666666607,0.5358628705243937,False
rico,static,801,-64,60,1.0,0.050000000000000044,0.5358628705243937,False
rico,static,861,-63,60,0.75,0.19999999999999996,0.5358628705243937,False
rico,static,921,-62,60,1.0,0.050000000000000044,0.5358628705243937,False
rico,static,981,-61,60,1.0,0.050000000000000044,0.5358628705243937,False
rico,static,1041,-60,60,1.0,0.050000000000000044,0.5358628705243937,False
rico,static,1101,-59,60,1.0,0.050000000000000044,0.5358628705243937,False
rico,static,1161,-58,60,1.0,0.050000000000000044,0.5358628705243937,False
rico,static,1221,-57,60,1.0,0.050000000000000044,0.5358628705243937,False
rico,static,1281,-56,60,0.9833333333333333,0.033333333333333326,0.5358628705243937,False
rico,static,1341,-55,60,0.9833333333333333,0.033333333333333326,0.5358628705243937,False
rico,static,1401,-54,60,1.0,0.050000000000000044,0.5358628705243937,False
rico,static,1461,-53,60,1.0,0.050000000000000044,0.5358628705243937,False
rico,static,1521,-52,60,1.0,0.050000000000000044,0.5358628705243937,False
rico,static,1581,-51,60,1.0,0.050000000000000044,0.5358628705243937,False
rico,static,1641,-50,60,1.0,0.050000000000000044,0.5358628705243937,False
rico,static,1701,-49,60,1.0,0.050000000000000044,0.5358628705243937,False
rico,static,1761,-48,60,0.9833333333333333,0.033333333333333326,0.5358628705243937,False
rico,static,1821,-47,60,1.0,0.050000000000000044,0.5358628705243937,False
rico,static,1881,-46,60,1.0,0.050000000000000044,0.5358628705243937,False
rico,static,1941,-45,60,0.95,0.0,0.5358628705243937,False
rico,static,2001,-44,60,0.8,0.1499999999999999,0.5358628705243937,False
rico,static,2061,-43,60,1.0,0.050000000000000044,0.5358628705243937,False
rico,static,2121,-42,60,1.0,0.050000000000000044,0.5358628705243937,False
rico,static,2181,-41,60,1.0,0.050000000000000044,0.5358628705243937,False
rico,static,2241,-40,60,1.0,0.050000000000000044,0.5358628705243937,False
rico,static,2301,-39,60,1.0,0.050000000000000044,0.5358628705243937,False
rico,static,2361,-38,60,1.0,0.050000000000000044,0.5358628705243922,False
rico,static,2421,-37,60,0.6,0.35,0.5358628705243936,False
rico,static,2481,-36,60,0.8,0.1499999999999999,0.5358628705243937,False
rico,static,2541,-35,60,0.6833333333333333,0.2666666666666666,0.5358628705243915,False
rico,static,2601,-34,60,0.75,0.19999999999999996,0.5358628705243906,False
rico,static,2661,-33,60,0.6833333333333333,0.2666666666666666,0.5358628705243937,False
rico,static,2721,-32,60,1.0,0.050000000000000044,0.5358628705243937,False
rico,static,2781,-31,60,1.0,0.050000000000000044,0.5358628705243937,False
rico,static,2841,-30,60,0.7833333333333333,0.16666666666666663,0.5358628705243937,False
rico,static,2901,-29,60,0.38333333333333336,0.5666666666666667,0.5358628705243937,False
rico,static,2961,-28,60,0.43333333333333335,0.5166666666666666,0.5358628705243909,False
rico,static,3021,-27,60,0.9,0.04999999999999993,0.5358628705243902,False
rico,static,3081,-26,60,0.48333333333333334,0.4666666666666666,0.5358628705243931,False
rico,static,3141,-25,60,0.6,0.35,0.5358628705243937,False
rico,static,3201,-24,60,1.0,0.050000000000000044,0.5358628705243937,False
rico,static,3261,-23,60,1.0,0.050000000000000044,0.5358628705243937,False
rico,static,3321,-22,60,1.0,0.050000000000000044,0.5358628705243937,False
rico,static,3381,-21,60,1.0,0.050000000000000044,0.5358628705243937,False
rico,static,3441,-20,60,1.0,0.050000000000000044,0.5358628705243937,False
rico,static,3501,-19,60,0.9,0.04999999999999993,0.5358628705243937,False
rico,static,3561,-18,60,0.9166666666666666,0.033333333333333326,0.5358628705243937,False
rico,static,3621,-17,60,1.0,0.050000000000000044,0.5358628705243937,False
rico,static,3681,-16,60,1.0,0.050000000000000044,0.5358628705243937,False
rico,static,3741,-15,60,1.0,0.050000000000000044,0.5358628705243937,False
rico,static,3801,-14,60,1.0,0.050000000000000044,0.5358628705243937,False
rico,static,3861,-13,60,1.0,0.050000000000000044,0.5358628705243937,False
rico,static,3921,-12,60,0.9666666666666667,0.01666666666666672,0.5358628705243937,False
rico,static,3981,-11,60,0.9,0.04999999999999993,0.5358628705243937,False
rico,static,4041,-10,60,1.0,0.050000000000000044,0.5358628705243937,False
rico,static,4101,-9,60,1.0,0.050000000000000044,0.5358628705243937,False
rico,static,4161,-8,60,0.7666666666666667,0.18333333333333324,0.5358628705243937,False
rico,static,4221,-7,60,1.0,0.050000000000000044,0.5358628705243937,False
rico,static,4281,-6,60,1.0,0.050000000000000044,0.5358628705243937,False
rico,static,4341,-5,60,1.0,0.050000000000000044,0.5358628705243937,False
rico,static,4401,-4,60,1.0,0.050000000000000044,0.5358628705243937,False
rico,static,4461,-3,60,1.0,0.050000000000000044,0.5358628705243937,False
rico,static,4521,-2,60,1.0,0.050000000000000044,0.5358628705243937,False
rico,static,4581,-1,60,1.0,0.050000000000000044,0.5358628705243937,False
rico,static,4641,0,60,1.0,0.050000000000000044,0.5358628705243937,True
rico,static,4701,1,60,1.0,0.050000000000000044,0.5358628705243937,True
rico,static,4761,2,60,1.0,0.050000000000000044,0.5358628705243937,True
rico,static,4821,3,60,1.0,0.050000000000000044,0.5358628705243937,True
rico,static,4881,4,60,1.0,0.050000000000000044,0.5358628705243937,True
rico,static,4941,5,60,1.0,0.050000000000000044,0.5358628705243937,True
rico,static,5001,6,60,1.0,0.050000000000000044,0.5358628705243937,True
rico,static,5061,7,60,0.8833333333333333,0.06666666666666665,0.5358628705243937,True
rico,static,5121,8,60,0.9666666666666667,0.01666666666666672,0.5358628705243937,True
rico,static,5181,9,60,1.0,0.050000000000000044,0.5358628705243937,True
rico,static,5241,10,60,1.0,0.050000000000000044,0.5358628705243937,True
rico,static,5301,11,60,0.5833333333333334,0.3666666666666666,0.5358628705243937,True
rico,static,5361,12,60,1.0,0.050000000000000044,0.5358628705243937,True
rico,static,5421,13,60,0.95,0.0,0.5358628705243937,True
rico,static,5481,14,60,0.7333333333333333,0.21666666666666667,0.5358628705243937,True
rico,static,5541,15,60,0.7166666666666667,0.23333333333333328,0.5358628705243937,True
rico,static,5601,16,60,0.8166666666666667,0.1333333333333333,0.5358628705243937,True
rico,static,5661,17,60,0.45,0.49999999999999994,0.5358628705243937,True
rico,static,5721,18,60,0.5166666666666667,0.43333333333333324,0.5358628705243937,True
rico,static,5781,19,60,0.85,0.09999999999999998,0.5358628705243937,True
rico,static,5841,20,60,1.0,0.050000000000000044,0.5358628705243937,True
rico,static,5901,21,60,1.0,0.050000000000000044,0.5358628705243937,True
rico,static,5961,22,60,0.8833333333333333,0.06666666666666665,0.5358628705243937,True
rico,static,6021,23,60,1.0,0.050000000000000044,0.5358628705243937,True
rico,static,6081,24,60,1.0,0.050000000000000044,0.5358628705243937,True
rico,static,6141,25,60,0.9166666666666666,0.033333333333333326,0.5358628705243937,True
rico,static,6201,26,60,0.6833333333333333,0.2666666666666666,0.5358628705243937,True
rico,static,6261,27,60,1.0,0.050000000000000044,0.5358628705243937,True
rico,static,6321,28,60,1.0,0.050000000000000044,0.5358628705243937,True
rico,static,6381,29,60,1.0,0.050000000000000044,0.5358628705243937,True
rico,static,6441,30,60,1.0,0.050000000000000044,0.5358628705243937,True
rico,static,6501,31,60,1.0,0.050000000000000044,0.5358628705243937,True
rico,static,6561,32,60,1.0,0.050000000000000044,0.5358628705243934,True
rico,static,6621,33,60,0.8166666666666667,0.1333333333333333,0.5358628705243935,True
rico,static,6681,34,60,0.85,0.09999999999999998,0.5358628705243937,True
rico,static,6741,35,60,0.65,0.29999999999999993,0.5358628705243937,True
rico,static,6801,36,60,0.7666666666666667,0.18333333333333324,0.5358628705243937,True
rico,static,6861,37,60,1.0,0.050000000000000044,0.5358628705243937,True
rico,static,6921,38,60,1.0,0.050000000000000044,0.5358628705243937,True
rico,static,6981,39,60,1.0,0.050000000000000044,0.5358628705243937,True
rico,static,7041,40,60,0.95,0.0,0.5358628705243937,True
rico,static,7101,41,60,1.0,0.050000000000000044,0.5358628705243937,True
rico,static,7161,42,60,1.0,0.050000000000000044,0.5358628705243937,True
rico,static,7221,43,60,1.0,0.050000000000000044,0.5358628705243937,True
rico,static,7281,44,60,0.9666666666666667,0.01666666666666672,0.5358628705243937,True
rico,static,7341,45,60,1.0,0.050000000000000044,0.5358628705243937,True
rico,static,7401,46,60,1.0,0.050000000000000044,0.5358628705243937,True
rico,static,7461,47,60,0.8833333333333333,0.06666666666666665,0.5358628705243937,True
rico,static,7521,48,60,0.7,0.25,0.5358628705243937,True
rico,static,7581,49,60,1.0,0.050000000000000044,0.5358628705243937,True
rico,static,7641,50,60,1.0,0.050000000000000044,0.5358628705243937,True
rico,static,7701,51,60,0.7166666666666667,0.23333333333333328,0.5358628705243937,True
rico,static,7761,52,60,0.95,0.0,0.5358628705243937,True
rico,static,7821,53,60,1.0,0.050000000000000044,0.535862870524393,True
rico,static,7881,54,60,0.9,0.04999999999999993,0.5358628705243919,True
rico,static,7941,55,60,1.0,0.050000000000000044,0.5358628705243923,True
rico,static,8001,56,60,1.0,0.050000000000000044,0.5358628705243937,True
rico,static,8061,57,60,1.0,0.050000000000000044,0.5358628705243937,True
rico,static,8121,58,60,0.9333333333333333,0.016666666666666607,0.5358628705243937,True
rico,static,8181,59,60,0.26666666666666666,0.6833333333333333,0.5358628705243937,True
rico,static,8241,60,60,0.03333333333333333,0.9166666666666666,0.5358628705243915,True
rico,static,8301,61,60,0.5333333333333333,0.41666666666666663,0.5358628705243902,True
rico,static,8361,62,60,0.6166666666666667,0.33333333333333326,0.5358628705243916,True
rico,static,8421,63,60,0.9166666666666666,0.033333333333333326,0.5358628705243937,True
rico,static,8481,64,60,1.0,0.050000000000000044,0.5358628705243937,True
rico,static,8541,65,60,1.0,0.050000000000000044,0.5358628705243937,True
rico,static,8601,66,60,0.38333333333333336,0.5666666666666667,0.5358628705243937,True
rico,static,8661,67,60,0.7,0.25,0.5358628705243937,True
rico,static,8721,68,60,0.9333333333333333,0.016666666666666607,0.5358628705243937,True
rico,static,8781,69,60,1.0,0.050000000000000044,0.5358628705243937,True
rico,static,8841,70,60,0.9166666666666666,0.033333333333333326,0.5358628705243937,True
rico,static,8901,71,60,1.0,0.050000000000000044,0.5358628705243937,True
rico,static,8961,72,60,1.0,0.050000000000000044,0.5358628705243937,True
rico,static,9021,73,60,1.0,0.050000000000000044,0.5358628705243937,True
rico,static,9081,74,60,0.9666666666666667,0.01666666666666672,0.5358628705243937,True
rico,static,9141,75,60,1.0,0.050000000000000044,0.5358628705243937,True
rico,static,9201,76,60,1.0,0.050000000000000044,0.5358628705243937,True
rico,static,9261,77,21,1.0,0.050000000000000044,0.5358628705243937,True
rico,periodic,21,-77,60,1.0,0.050000000000000044,0.5351284909837016,False
rico,periodic,81,-76,60,1.0,0.050000000000000044,0.5334911931493227,False
rico,periodic,141,-75,60,0.9,0.04999999999999993,0.5333239385992266,False
rico,periodic,201,-74,60,1.0,0.050000000000000044,0.5342192717371129,False
rico,periodic,261,-73,60,1.0,0.050000000000000044,0.5330325529204839,False
rico,periodic,321,-72,60,0.9,0.04999999999999993,0.5320277670899038,False
rico,periodic,381,-71,60,1.0,0.050000000000000044,0.5328841841275936,False
rico,periodic,441,-70,60,0.3333333333333333,0.6166666666666667,0.5373951254092221,False
rico,periodic,501,-69,60,1.0,0.050000000000000044,0.5453395562165694,False
rico,periodic,561,-68,60,1.0,0.050000000000000044,0.5435236423152313,False
rico,periodic,621,-67,60,1.0,0.050000000000000044,0.5401833902896221,False
rico,periodic,681,-66,60,0.95,0.0,0.5391186579870115,False
rico,periodic,741,-65,60,0.9833333333333333,0.033333333333333326,0.5385727176932794,False
rico,periodic,801,-64,60,1.0,0.050000000000000044,0.5375639849358737,False
rico,periodic,861,-63,60,0.75,0.19999999999999996,0.5395484799204222,False
rico,periodic,921,-62,60,1.0,0.050000000000000044,0.5420962858163193,False
rico,periodic,981,-61,60,1.0,0.050000000000000044,0.5403437307101522,False
rico,periodic,1041,-60,60,1.0,0.050000000000000044,0.5390110344779868,False
rico,periodic,1101,-59,60,1.0,0.050000000000000044,0.5379305741663046,False
rico,periodic,1161,-58,60,1.0,0.050000000000000044,0.5363966949704896,False
rico,periodic,1221,-57,60,1.0,0.050000000000000044,0.5351142749158068,False
rico,periodic,1281,-56,60,0.9833333333333333,0.033333333333333326,0.5346751284623987,False
rico,periodic,1341,-55,60,0.9833333333333333,0.033333333333333326,0.5341573264766081,False
rico,periodic,1401,-54,60,1.0,0.050000000000000044,0.5331189237953332,False
rico,periodic,1461,-53,60,1.0,0.050000000000000044,0.5315186641790166,False
rico,periodic,1521,-52,60,1.0,0.050000000000000044,0.5302905067433468,False
rico,periodic,1581,-51,60,1.0,0.050000000000000044,0.5295855884585468,False
rico,periodic,1641,-50,60,1.0,0.050000000000000044,0.5290652329010621,False
rico,periodic,1701,-49,60,1.0,0.050000000000000044,0.528383515239564,False
rico,periodic,1761,-48,60,0.9833333333333333,0.033333333333333326,0.5272424174581892,False
rico,periodic,1821,-47,60,1.0,0.050000000000000044,0.5261913723083665,False
rico,periodic,1881,-46,60,1.0,0.050000000000000044,0.5254604970376313,False
rico,periodic,1941,-45,60,0.95,0.0,0.5244039497991583,False
rico,periodic,2001,-44,60,0.8,0.1499999999999999,0.5266608639222928,False
rico,periodic,2061,-43,60,1.0,0.050000000000000044,0.5270357580579732,False
rico,periodic,2121,-42,60,1.0,0.050000000000000044,0.526363357573546,False
rico,periodic,2181,-41,60,1.0,0.050000000000000044,0.5258757780359101,False
rico,periodic,2241,-40,60,1.0,0.050000000000000044,0.5257816223583064,False
rico,periodic,2301,-39,60,1.0,0.050000000000000044,0.5252049363741967,False
rico,periodic,2361,-38,60,1.0,0.050000000000000044,0.5240882455334567,False
rico,periodic,2421,-37,60,0.6,0.35,0.5259795338515296,False
rico,periodic,2481,-36,60,0.8333333333333334,0.11666666666666659,0.5316244478154879,False
rico,periodic,2541,-35,60,0.7666666666666667,0.18333333333333324,0.5363365110558362,False
rico,periodic,2601,-34,60,0.85,0.09999999999999998,0.5390347354287154,False
rico,periodic,2661,-33,60,0.75,0.19999999999999996,0.5416333578562162,False
rico,periodic,2721,-32,60,1.0,0.050000000000000044,0.5429333919966166,False
rico,periodic,2781,-31,60,1.0,0.050000000000000044,0.5422085973751555,False
rico,periodic,2841,-30,60,0.8166666666666667,0.1333333333333333,0.5416610037794337,False
rico,periodic,2901,-29,60,0.45,0.49999999999999994,0.5533919095042584,False
rico,periodic,2961,-28,60,0.5,0.44999999999999996,0.5683103985087047,False
rico,periodic,3021,-27,60,0.9166666666666666,0.033333333333333326,0.5741405490200833,False
rico,periodic,3081,-26,60,0.4,0.5499999999999999,0.576420339811317,False
rico,periodic,3141,-25,60,0.5833333333333334,0.3666666666666666,0.5878727963011613,False
rico,periodic,3201,-24,60,1.0,0.050000000000000044,0.5924881901737213,False
rico,periodic,3261,-23,60,1.0,0.050000000000000044,0.5919481279146548,False
rico,periodic,3321,-22,60,1.0,0.050000000000000044,0.590702409564184,False
rico,periodic,3381,-21,60,1.0,0.050000000000000044,0.5882100864282092,False
rico,periodic,3441,-20,60,1.0,0.050000000000000044,0.5867099909286954,False
rico,periodic,3501,-19,60,0.9,0.04999999999999993,0.5867231921150269,False
rico,periodic,3561,-18,60,1.0,0.050000000000000044,0.5870383094078069,False
rico,periodic,3621,-17,60,1.0,0.050000000000000044,0.5857650714141227,False
rico,periodic,3681,-16,60,1.0,0.050000000000000044,0.5846430096950194,False
rico,periodic,3741,-15,60,1.0,0.050000000000000044,0.5835969983230211,False
rico,periodic,3801,-14,60,1.0,0.050000000000000044,0.5825090624051906,False
rico,periodic,3861,-13,60,1.0,0.050000000000000044,0.5818111105861606,False
rico,periodic,3921,-12,60,0.9666666666666667,0.01666666666666672,0.5810601542977151,False
rico,periodic,3981,-11,60,0.8833333333333333,0.06666666666666665,0.5819116218958056,False
rico,periodic,4041,-10,60,1.0,0.050000000000000044,0.5814042506354784,False
rico,periodic,4101,-9,60,1.0,0.050000000000000044,0.5808609808743707,False
rico,periodic,4161,-8,60,0.9,0.04999999999999993,0.5799253615832403,False
rico,periodic,4221,-7,60,1.0,0.050000000000000044,0.5805945743208757,False
rico,periodic,4281,-6,60,1.0,0.050000000000000044,0.5798062455744109,False
rico,periodic,4341,-5,60,1.0,0.050000000000000044,0.5788805914917295,False
rico,periodic,4401,-4,60,1.0,0.050000000000000044,0.5775815967153034,False
rico,periodic,4461,-3,60,1.0,0.050000000000000044,0.5765113002371371,False
rico,periodic,4521,-2,60,1.0,0.050000000000000044,0.5759561720287231,False
rico,periodic,4581,-1,60,1.0,0.050000000000000044,0.5750517535481686,False
rico,periodic,4641,0,60,1.0,0.050000000000000044,0.5736640505696459,True
rico,periodic,4701,1,60,1.0,0.050000000000000044,0.5729315607364766,True
rico,periodic,4761,2,60,1.0,0.050000000000000044,0.5718251556767384,True
rico,periodic,4821,3,60,1.0,0.050000000000000044,0.5707891422949901,True
rico,periodic,4881,4,60,1.0,0.050000000000000044,0.5696883221202462,True
rico,periodic,4941,5,60,1.0,0.050000000000000044,0.5671885219985555,True
rico,periodic,5001,6,60,1.0,0.050000000000000044,0.5664114258543187,True
rico,periodic,5061,7,60,0.8833333333333333,0.06666666666666665,0.5658744876605406,True
rico,periodic,5121,8,60,0.9666666666666667,0.01666666666666672,0.5670434464240698,True
rico,periodic,5181,9,60,1.0,0.050000000000000044,0.5661393555438631,True
rico,periodic,5241,10,60,1.0,0.050000000000000044,0.5646913677348145,True
rico,periodic,5301,11,60,0.55,0.3999999999999999,0.5664474406292029,True
rico,periodic,5361,12,60,1.0,0.050000000000000044,0.571058884795028,True
rico,periodic,5421,13,60,1.0,0.050000000000000044,0.5698731566510474,True
rico,periodic,5481,14,60,0.7333333333333333,0.21666666666666667,0.5692760740114488,True
rico,periodic,5541,15,60,0.7666666666666667,0.18333333333333324,0.5784095781833883,True
rico,periodic,5601,16,60,0.9833333333333333,0.033333333333333326,0.5793583214050894,True
rico,periodic,5661,17,60,0.5166666666666667,0.43333333333333324,0.5826378914641336,True
rico,periodic,5721,18,60,0.5166666666666667,0.43333333333333324,0.5882740657228636,True
rico,periodic,5781,19,60,0.85,0.09999999999999998,0.5972343803768567,True
rico,periodic,5841,20,60,1.0,0.050000000000000044,0.597128813804341,True
rico,periodic,5901,21,60,1.0,0.050000000000000044,0.5965451195100587,True
rico,periodic,5961,22,60,0.8833333333333333,0.06666666666666665,0.5961889716039264,True
rico,periodic,6021,23,60,1.0,0.050000000000000044,0.5959518681926578,True
rico,periodic,6081,24,60,1.0,0.050000000000000044,0.595291593171693,True
rico,periodic,6141,25,60,0.9166666666666666,0.033333333333333326,0.5948213498151669,True
rico,periodic,6201,26,60,0.7833333333333333,0.16666666666666663,0.5975256415790866,True
rico,periodic,6261,27,60,1.0,0.050000000000000044,0.5982622226245919,True
rico,periodic,6321,28,60,1.0,0.050000000000000044,0.597928575809681,True
rico,periodic,6381,29,60,1.0,0.050000000000000044,0.5975902695345586,True
rico,periodic,6441,30,60,1.0,0.050000000000000044,0.5970807951045872,True
rico,periodic,6501,31,60,1.0,0.050000000000000044,0.5964890026781916,True
rico,periodic,6561,32,60,1.0,0.050000000000000044,0.5952843717959018,True
rico,periodic,6621,33,60,0.9666666666666667,0.01666666666666672,0.5938047292964249,True
rico,periodic,6681,34,60,0.9666666666666667,0.01666666666666672,0.5922303976418196,True
rico,periodic,6741,35,60,0.9833333333333333,0.033333333333333326,0.591908000546071,True
rico,periodic,6801,36,60,1.0,0.050000000000000044,0.5914333871850687,True
rico,periodic,6861,37,60,1.0,0.050000000000000044,0.5905405227670658,True
rico,periodic,6921,38,60,1.0,0.050000000000000044,0.5892221841211921,True
rico,periodic,6981,39,60,1.0,0.050000000000000044,0.5881082774309031,True
rico,periodic,7041,40,60,0.9833333333333333,0.033333333333333326,0.5876417190207228,True
rico,periodic,7101,41,60,1.0,0.050000000000000044,0.5870912409020467,True
rico,periodic,7161,42,60,1.0,0.050000000000000044,0.586162566887904,True
rico,periodic,7221,43,60,1.0,0.050000000000000044,0.5850290966215314,True
rico,periodic,7281,44,60,0.95,0.0,0.5848027698567383,True
rico,periodic,7341,45,60,1.0,0.050000000000000044,0.5845087995140307,True
rico,periodic,7401,46,60,1.0,0.050000000000000044,0.5839481707079933,True
rico,periodic,7461,47,60,0.8833333333333333,0.06666666666666665,0.5831485479071784,True
rico,periodic,7521,48,60,0.8333333333333334,0.11666666666666659,0.5855076046783677,True
rico,periodic,7581,49,60,1.0,0.050000000000000044,0.5856511442678619,True
rico,periodic,7641,50,60,1.0,0.050000000000000044,0.5842796520686818,True
rico,periodic,7701,51,60,0.7166666666666667,0.23333333333333328,0.5840144092576539,True
rico,periodic,7761,52,60,0.95,0.0,0.5888206143196801,True
rico,periodic,7821,53,60,1.0,0.050000000000000044,0.5882182428818579,True
rico,periodic,7881,54,60,0.9,0.04999999999999993,0.5871420500764996,True
rico,periodic,7941,55,60,1.0,0.050000000000000044,0.58860404117949,True
rico,periodic,8001,56,60,1.0,0.050000000000000044,0.5880785874373832,True
rico,periodic,8061,57,60,1.0,0.050000000000000044,0.5870471475717892,True
rico,periodic,8121,58,60,0.9333333333333333,0.016666666666666607,0.5860165373563081,True
rico,periodic,8181,59,60,0.4166666666666667,0.5333333333333332,0.5877749914153464,True
rico,periodic,8241,60,60,0.2,0.75,0.5971504227455414,True
rico,periodic,8301,61,60,0.8166666666666667,0.1333333333333333,0.6075568941037254,True
rico,periodic,8361,62,60,0.6166666666666667,0.33333333333333326,0.610713734709843,True
rico,periodic,8421,63,60,0.9166666666666666,0.033333333333333326,0.6131615703657398,True
rico,periodic,8481,64,60,1.0,0.050000000000000044,0.6129547492620319,True
rico,periodic,8541,65,60,1.0,0.050000000000000044,0.6122723977570158,True
rico,periodic,8601,66,60,0.5833333333333334,0.3666666666666666,0.6123630378945066,True
rico,periodic,8661,67,60,0.95,0.0,0.6133295400164135,True
rico,periodic,8721,68,60,1.0,0.050000000000000044,0.6130361296809184,True
rico,periodic,8781,69,60,1.0,0.050000000000000044,0.6127449267452878,True
rico,periodic,8841,70,60,0.9666666666666667,0.01666666666666672,0.6123898094640746,True
rico,periodic,8901,71,60,1.0,0.050000000000000044,0.6118254035781663,True
rico,periodic,8961,72,60,1.0,0.050000000000000044,0.6110930695438114,True
rico,periodic,9021,73,60,1.0,0.050000000000000044,0.6103042764919837,True
rico,periodic,9081,74,60,0.9666666666666667,0.01666666666666672,0.6101161095217097,True
rico,periodic,9141,75,60,1.0,0.050000000000000044,0.6100024340258418,True
rico,periodic,9201,76,60,1.0,0.050000000000000044,0.609517816715957,True
rico,periodic,9261,77,21,1.0,0.050000000000000044,0.6091689475229022,True
rico,rolling,21,-77,60,0.95,0.0,0.24686485729154128,False
rico,rolling,81,-76,60,0.9333333333333333,0.016666666666666607,0.24862530438905334,False
rico,rolling,141,-75,60,0.2,0.75,0.2983394533164348,False
rico,rolling,201,-74,60,0.7833333333333333,0.16666666666666663,0.4216722735107273,False
rico,rolling,261,-73,60,1.0,0.050000000000000044,0.43873332971937085,False
rico,rolling,321,-72,60,0.55,0.3999999999999999,0.4461763053588302,False
rico,rolling,381,-71,60,1.0,0.050000000000000044,0.45946107071918785,False
rico,rolling,441,-70,60,0.45,0.49999999999999994,0.5246894600332515,False
rico,rolling,501,-69,60,1.0,0.050000000000000044,0.5922637864978267,False
rico,rolling,561,-68,60,1.0,0.050000000000000044,0.5929643203872937,False
rico,rolling,621,-67,60,1.0,0.050000000000000044,0.5926363043341908,False
rico,rolling,681,-66,60,1.0,0.050000000000000044,0.5920271316641423,False
rico,rolling,741,-65,60,1.0,0.050000000000000044,0.5920271316641423,False
rico,rolling,801,-64,60,1.0,0.050000000000000044,0.5915253822283969,False
rico,rolling,861,-63,60,0.9333333333333333,0.016666666666666607,0.4583241063465321,False
rico,rolling,921,-62,60,0.9,0.04999999999999993,0.4409690100170248,False
rico,rolling,981,-61,60,0.9,0.04999999999999993,0.38622367291068205,False
rico,rolling,1041,-60,60,1.0,0.050000000000000044,0.3729374802115764,False
rico,rolling,1101,-59,60,0.9666666666666667,0.01666666666666672,0.371981879222208,False
rico,rolling,1161,-58,60,1.0,0.050000000000000044,0.37082015563505166,False
rico,rolling,1221,-57,60,1.0,0.050000000000000044,0.37082015563505166,False
rico,rolling,1281,-56,60,0.9833333333333333,0.033333333333333326,0.37082015563505166,False
rico,rolling,1341,-55,60,0.9833333333333333,0.033333333333333326,0.37211369743098266,False
rico,rolling,1401,-54,60,1.0,0.050000000000000044,0.3260542369620133,False
rico,rolling,1461,-53,60,1.0,0.050000000000000044,0.3134633622903671,False
rico,rolling,1521,-52,60,0.85,0.09999999999999998,0.3200637337609143,False
rico,rolling,1581,-51,60,1.0,0.050000000000000044,0.31492744314321575,False
rico,rolling,1641,-50,60,1.0,0.050000000000000044,0.30326955127546074,False
rico,rolling,1701,-49,60,0.9166666666666666,0.033333333333333326,0.3011513439885313,False
rico,rolling,1761,-48,60,0.9833333333333333,0.033333333333333326,0.3074138177054566,False
rico,rolling,1821,-47,60,1.0,0.050000000000000044,0.3032147293950548,False
rico,rolling,1881,-46,60,0.9833333333333333,0.033333333333333326,0.2811396559825017,False
rico,rolling,1941,-45,60,0.8166666666666667,0.1333333333333333,0.28217374898408476,False
rico,rolling,2001,-44,60,0.8,0.1499999999999999,0.33099814259318255,False
rico,rolling,2061,-43,60,1.0,0.050000000000000044,0.3432509001786528,False
rico,rolling,2121,-42,60,0.7333333333333333,0.21666666666666667,0.34859209935729696,False
rico,rolling,2181,-41,60,0.9166666666666666,0.033333333333333326,0.36049483747295347,False
rico,rolling,2241,-40,60,0.8333333333333334,0.11666666666666659,0.38602735958395124,False
rico,rolling,2301,-39,60,1.0,0.050000000000000044,0.40563621134626826,False
rico,rolling,2361,-38,60,1.0,0.050000000000000044,0.4048578975089825,False
rico,rolling,2421,-37,60,0.65,0.29999999999999993,0.4351617192207925,False
rico,rolling,2481,-36,60,0.95,0.0,0.5385608749683044,False
rico,rolling,2541,-35,60,1.0,0.050000000000000044,0.5604009420493464,False
rico,rolling,2601,-34,60,0.85,0.09999999999999998,0.5611201312155244,False
rico,rolling,2661,-33,60,0.8333333333333334,0.11666666666666659,0.6303567909973293,False
rico,rolling,2721,-32,60,1.0,0.050000000000000044,0.6570468632807689,False
rico,rolling,2781,-31,60,1.0,0.050000000000000044,0.6487253499377239,False
rico,rolling,2841,-30,60,1.0,0.050000000000000044,0.6472568475830689,False
rico,rolling,2901,-29,60,0.85,0.09999999999999998,0.6598305079752083,False
rico,rolling,2961,-28,60,1.0,0.050000000000000044,0.6536598879814076,False
rico,rolling,3021,-27,60,1.0,0.050000000000000044,0.6525547712207285,False
rico,rolling,3081,-26,60,0.6,0.35,0.7416242207656322,False
rico,rolling,3141,-25,60,0.85,0.09999999999999998,0.8837222833800936,False
rico,rolling,3201,-24,60,1.0,0.050000000000000044,0.888270951744289,False
rico,rolling,3261,-23,60,1.0,0.050000000000000044,0.888270951744289,False
rico,rolling,3321,-22,60,1.0,0.050000000000000044,0.888270951744289,False
rico,rolling,3381,-21,60,1.0,0.050000000000000044,0.8783896296129716,False
rico,rolling,3441,-20,60,1.0,0.050000000000000044,0.8177270323008744,False
rico,rolling,3501,-19,60,0.9,0.04999999999999993,0.6873095400901863,False
rico,rolling,3561,-18,60,0.7166666666666667,0.23333333333333328,0.661855819433845,False
rico,rolling,3621,-17,60,1.0,0.050000000000000044,0.5717354485832419,False
rico,rolling,3681,-16,60,1.0,0.050000000000000044,0.39667793953686326,False
rico,rolling,3741,-15,60,1.0,0.050000000000000044,0.3726869723726825,False
rico,rolling,3801,-14,60,1.0,0.050000000000000044,0.359752843840157,False
rico,rolling,3861,-13,60,1.0,0.050000000000000044,0.34614283891916137,False
rico,rolling,3921,-12,60,0.95,0.0,0.3325540099573951,False
rico,rolling,3981,-11,60,0.6833333333333333,0.2666666666666666,0.41997340937294203,False
rico,rolling,4041,-10,60,1.0,0.050000000000000044,0.4536435593008716,False
rico,rolling,4101,-9,60,0.8,0.1499999999999999,0.4047897576555851,False
rico,rolling,4161,-8,60,0.6,0.35,0.45580616880855623,False
rico,rolling,4221,-7,60,1.0,0.050000000000000044,0.5103626217646374,False
rico,rolling,4281,-6,60,1.0,0.050000000000000044,0.5145293787536538,False
rico,rolling,4341,-5,60,1.0,0.050000000000000044,0.5145293787536538,False
rico,rolling,4401,-4,60,1.0,0.050000000000000044,0.5145293787536538,False
rico,rolling,4461,-3,60,1.0,0.050000000000000044,0.4876968480869689,False
rico,rolling,4521,-2,60,1.0,0.050000000000000044,0.43567095634092823,False
rico,rolling,4581,-1,60,0.9,0.04999999999999993,0.43567095634092823,False
rico,rolling,4641,0,60,1.0,0.050000000000000044,0.4492170270440692,True
rico,rolling,4701,1,60,1.0,0.050000000000000044,0.35664486306638565,True
rico,rolling,4761,2,60,1.0,0.050000000000000044,0.3194980608627134,True
rico,rolling,4821,3,60,1.0,0.050000000000000044,0.3190520098525056,True
rico,rolling,4881,4,60,0.9833333333333333,0.033333333333333326,0.31318640108463514,True
rico,rolling,4941,5,60,0.9833333333333333,0.033333333333333326,0.297843256421732,True
rico,rolling,5001,6,60,1.0,0.050000000000000044,0.29277980993164476,True
rico,rolling,5061,7,60,0.6833333333333333,0.2666666666666666,0.29910661461908106,True
rico,rolling,5121,8,60,0.9166666666666666,0.033333333333333326,0.3259968015790381,True
rico,rolling,5181,9,60,0.9333333333333333,0.016666666666666607,0.31924618854931064,True
rico,rolling,5241,10,60,0.9666666666666667,0.01666666666666672,0.33897888837640267,True
rico,rolling,5301,11,60,0.5166666666666667,0.43333333333333324,0.4174690750505505,True
rico,rolling,5361,12,60,0.9166666666666666,0.033333333333333326,0.5160075265026383,True
rico,rolling,5421,13,60,0.7166666666666667,0.23333333333333328,0.5702877982741955,True
rico,rolling,5481,14,60,0.7333333333333333,0.21666666666666667,0.5996175360571382,True
rico,rolling,5541,15,60,0.85,0.09999999999999998,0.8249760992455831,True
rico,rolling,5601,16,60,1.0,0.050000000000000044,0.857546579552897,True
rico,rolling,5661,17,60,1.0,0.050000000000000044,0.8548699974438421,True
rico,rolling,5721,18,60,0.7333333333333333,0.21666666666666667,0.8709002720845954,True
rico,rolling,5781,19,60,0.9833333333333333,0.033333333333333326,0.9136301517023956,True
rico,rolling,5841,20,60,1.0,0.050000000000000044,0.8878909944165708,True
rico,rolling,5901,21,60,1.0,0.050000000000000044,0.8832937700496222,True
rico,rolling,5961,22,60,0.9166666666666666,0.033333333333333326,0.8969706924870945,True
rico,rolling,6021,23,60,1.0,0.050000000000000044,0.8088434219294112,True
rico,rolling,6081,24,60,1.0,0.050000000000000044,0.7504046315229544,True
rico,rolling,6141,25,60,0.9166666666666666,0.033333333333333326,0.739234289024127,True
rico,rolling,6201,26,60,0.6833333333333333,0.2666666666666666,0.7017830330943795,True
rico,rolling,6261,27,60,1.0,0.050000000000000044,0.641933442590707,True
rico,rolling,6321,28,60,1.0,0.050000000000000044,0.530102786690251,True
rico,rolling,6381,29,60,0.9833333333333333,0.033333333333333326,0.5300809625739807,True
rico,rolling,6441,30,60,0.9666666666666667,0.01666666666666672,0.5396202405260764,True
rico,rolling,6501,31,60,0.9666666666666667,0.01666666666666672,0.5035199593943235,True
rico,rolling,6561,32,60,1.0,0.050000000000000044,0.4997655561937693,True
rico,rolling,6621,33,60,0.9833333333333333,0.033333333333333326,0.49845578642353894,True
rico,rolling,6681,34,60,0.9333333333333333,0.016666666666666607,0.47862569726417503,True
rico,rolling,6741,35,60,0.8,0.1499999999999999,0.4525184295647858,True
rico,rolling,6801,36,60,1.0,0.050000000000000044,0.4586719882581285,True
rico,rolling,6861,37,60,1.0,0.050000000000000044,0.45860050067562563,True
rico,rolling,6921,38,60,1.0,0.050000000000000044,0.4480235017327091,True
rico,rolling,6981,39,60,0.8,0.1499999999999999,0.4258688297498031,True
rico,rolling,7041,40,60,0.7666666666666667,0.18333333333333324,0.4189182994599971,True
rico,rolling,7101,41,60,0.7666666666666667,0.18333333333333324,0.4585331104073026,True
rico,rolling,7161,42,60,0.9666666666666667,0.01666666666666672,0.49708636365565867,True
rico,rolling,7221,43,60,1.0,0.050000000000000044,0.4915199372946354,True
rico,rolling,7281,44,60,0.85,0.09999999999999998,0.4598866754654118,True
rico,rolling,7341,45,60,0.9,0.04999999999999993,0.3751328833128548,True
rico,rolling,7401,46,60,0.9333333333333333,0.016666666666666607,0.37427993978006596,True
rico,rolling,7461,47,60,0.85,0.09999999999999998,0.3788898693135391,True
rico,rolling,7521,48,60,0.8166666666666667,0.1333333333333333,0.5430552718222311,True
rico,rolling,7581,49,60,1.0,0.050000000000000044,0.5858996384628796,True
rico,rolling,7641,50,60,1.0,0.050000000000000044,0.5655575455994171,True
rico,rolling,7701,51,60,0.6333333333333333,0.31666666666666665,0.5578400563500897,True
rico,rolling,7761,52,60,0.9666666666666667,0.01666666666666672,0.690365085823116,True
rico,rolling,7821,53,60,1.0,0.050000000000000044,0.7025431938722624,True
rico,rolling,7881,54,60,0.9833333333333333,0.033333333333333326,0.7029237888785789,True
rico,rolling,7941,55,60,1.0,0.050000000000000044,0.7063491439354366,True
rico,rolling,8001,56,60,1.0,0.050000000000000044,0.625358072130178,True
rico,rolling,8061,57,60,0.9166666666666666,0.033333333333333326,0.5082319909176005,True
rico,rolling,8121,58,60,0.9,0.04999999999999993,0.5185818105239524,True
rico,rolling,8181,59,60,0.4,0.5499999999999999,0.6343242844923734,True
rico,rolling,8241,60,60,0.8333333333333334,0.11666666666666659,0.7879748420867088,True
rico,rolling,8301,61,60,1.0,0.050000000000000044,0.7275136716702996,True
rico,rolling,8361,62,60,0.8833333333333333,0.06666666666666665,0.7172459672324687,True
rico,rolling,8421,63,60,0.7333333333333333,0.21666666666666667,0.7353896914360781,True
rico,rolling,8481,64,60,1.0,0.050000000000000044,0.7842429768248564,True
rico,rolling,8541,65,60,1.0,0.050000000000000044,0.7842429768248564,True
rico,rolling,8601,66,60,0.9833333333333333,0.033333333333333326,0.784572134559322,True
rico,rolling,8661,67,60,1.0,0.050000000000000044,0.7871006157576443,True
rico,rolling,8721,68,60,1.0,0.050000000000000044,0.7580024713575403,True
rico,rolling,8781,69,60,1.0,0.050000000000000044,0.689309008906797,True
rico,rolling,8841,70,60,1.0,0.050000000000000044,0.675526332252554,True
rico,rolling,8901,71,60,1.0,0.050000000000000044,0.615600738132962,True
rico,rolling,8961,72,60,0.9,0.04999999999999993,0.5287938761714566,True
rico,rolling,9021,73,60,0.9,0.04999999999999993,0.5219143266107993,True
rico,rolling,9081,74,60,0.5666666666666667,0.3833333333333333,0.5491033799500504,True
rico,rolling,9141,75,60,1.0,0.050000000000000044,0.4746264701003284,True
rico,rolling,9201,76,60,0.6833333333333333,0.2666666666666666,0.41102017922457834,True
rico,rolling,9261,77,21,0.7142857142857143,0.23571428571428565,0.4162510087385982,True
