run_id,file,phase,step,n_samples,start,end,duration_min,accepted,reason_excluded,target_missing_fraction,target_std
P1S0,RICO_Acquisition_1_07-2023.hdf,1,0,0,2023-07-26 11:01:00,2023-07-26 15:00:00,240.0,False,no sample flagged normal (Flag==1) by the authors,,
P1S1,RICO_Acquisition_1_07-2023.hdf,1,1,240,2023-07-26 15:01:00,2023-07-26 19:00:00,240.0,True,,0.0,2.316943683707656
P1S2,RICO_Acquisition_1_07-2023.hdf,1,2,240,2023-07-26 19:01:00,2023-07-26 23:00:00,240.0,True,,0.0,3.1458829440886626
P1S3,RICO_Acquisition_1_07-2023.hdf,1,3,0,2023-07-26 23:01:00,2023-07-27 03:00:00,240.0,False,no sample flagged normal (Flag==1) by the authors,,
P1S4,RICO_Acquisition_1_07-2023.hdf,1,4,240,2023-07-27 03:01:00,2023-07-27 07:00:00,240.0,True,,0.0,2.829121818690922
P1S5,RICO_Acquisition_1_07-2023.hdf,1,5,240,2023-07-27 07:01:00,2023-07-27 11:00:00,240.0,True,,0.0,2.2508004155100587
P1S6,RICO_Acquisition_1_07-2023.hdf,1,6,0,2023-07-27 11:01:00,2023-07-27 15:00:00,240.0,False,no sample flagged normal (Flag==1) by the authors,,
P1S7,RICO_Acquisition_1_07-2023.hdf,1,7,240,2023-07-27 15:01:00,2023-07-27 19:00:00,240.0,True,,0.0,2.3360261409286096
P1S8,RICO_Acquisition_1_07-2023.hdf,1,8,240,2023-07-27 19:01:00,2023-07-27 23:00:00,240.0,True,,0.0,2.142999330309534
P1S9,RICO_Acquisition_1_07-2023.hdf,1,9,240,2023-07-27 23:01:00,2023-07-28 03:00:00,240.0,True,,0.0,2.61337083342007
P1S10,RICO_Acquisition_1_07-2023.hdf,1,10,240,2023-07-28 03:01:00,2023-07-28 07:00:00,240.0,True,,0.0,1.2703187505636029
P1S11,RICO_Acquisition_1_07-2023.hdf,1,11,240,2023-07-28 07:01:00,2023-07-28 11:00:00,240.0,True,,0.0,0.10271675723840465
P1S12,RICO_Acquisition_1_07-2023.hdf,1,12,240,2023-07-28 11:01:00,2023-07-28 15:00:00,240.0,True,,0.0,2.4584743358375953
P1S13,RICO_Acquisition_1_07-2023.hdf,1,13,240,2023-07-28 15:01:00,2023-07-28 19:00:00,240.0,True,,0.0,1.4219135750051126
P1S14,RICO_Acquisition_1_07-2023.hdf,1,14,240,2023-07-28 19:01:00,2023-07-28 23:00:00,240.0,True,,0.0,3.431684119001644
P1S15,RICO_Acquisition_1_07-2023.hdf,1,15,240,2023-07-28 23:01:00,2023-07-29 03:00:00,240.0,True,,0.0,0.464852333296574
P1S16,RICO_Acquisition_1_07-2023.hdf,1,16,240,2023-07-29 03:01:00,2023-07-29 07:00:00,240.0,True,,0.0,0.9060765536421148
P1S17,RICO_Acquisition_1_07-2023.hdf,1,17,240,2023-07-29 07:01:00,2023-07-29 11:00:00,240.0,True,,0.0,0.3143155766573277
P1S18,RICO_Acquisition_1_07-2023.hdf,1,18,0,2023-07-29 11:01:00,2023-07-29 15:00:00,240.0,False,no sample flagged normal (Flag==1) by the authors,,
P1S19,RICO_Acquisition_1_07-2023.hdf,1,19,0,2023-07-29 15:01:00,2023-07-29 19:00:00,240.0,False,no sample flagged normal (Flag==1) by the authors,,
P1S20,RICO_Acquisition_1_07-2023.hdf,1,20,240,2023-07-29 19:01:00,2023-07-29 23:00:00,240.0,True,,0.0,0.45754464918432886
P1S21,RICO_Acquisition_1_07-2023.hdf,1,21,240,2023-07-29 23:01:00,2023-07-30 03:00:00,240.0,True,,0.0,1.388264973763281
P1S22,RICO_Acquisition_1_07-2023.hdf,1,22,240,2023-07-30 03:01:00,2023-07-30 07:00:00,240.0,True,,0.0,0.21256059928453536
P1S23,RICO_Acquisition_1_07-2023.hdf,1,23,240,2023-07-30 07:01:00,2023-07-30 11:00:00,240.0,True,,0.0,1.0582053041966133
P1S24,RICO_Acquisition_1_07-2023.hdf,1,24,0,2023-07-30 11:01:00,2023-07-30 15:00:00,240.0,False,no sample flagged normal (Flag==1) by the authors,,
P1S25,RICO_Acquisition_1_07-2023.hdf,1,25,0,2023-07-30 15:01:00,2023-07-30 19:00:00,240.0,False,no sample flagged normal (Flag==1) by the authors,,
P1S26,RICO_Acquisition_1_07-2023.hdf,1,26,240,2023-07-30 19:01:00,2023-07-30 23:00:00,240.0,True,,0.0,0.4081722706290326
P1S27,RICO_Acquisition_1_07-2023.hdf,1,27,240,2023-07-30 23:01:00,2023-07-31 03:00:00,240.0,True,,0.0,0.6217230690721208
P1S28,RICO_Acquisition_1_07-2023.hdf,1,28,240,2023-07-31 03:01:00,2023-07-31 07:00:00,240.0,True,,0.0,1.1913141601495982
P1S29,RICO_Acquisition_1_07-2023.hdf,1,29,240,2023-07-31 07:01:00,2023-07-31 11:00:00,240.0,True,,0.0,0.5060608945668129
P1S30,RICO_Acquisition_1_07-2023.hdf,1,30,0,2023-07-31 11:01:00,2023-07-31 15:00:00,240.0,False,no sample flagged normal (Flag==1) by the authors,,
P1S31,RICO_Acquisition_1_07-2023.hdf,1,31,240,2023-07-31 15:01:00,2023-07-31 19:00:00,240.0,True,,0.0,3.4305851904527858
P1S32,RICO_Acquisition_1_07-2023.hdf,1,32,240,2023-07-31 19:01:00,2023-07-31 23:00:00,240.0,True,,0.0,3.340051084677692
P1S33,RICO_Acquisition_1_07-2023.hdf,1,33,240,2023-07-31 23:01:00,2023-08-01 03:00:00,240.0,True,,0.0,0.4655928195753959
P1S34,RICO_Acquisition_1_07-2023.hdf,1,34,240,2023-08-01 03:01:00,2023-08-01 07:00:00,240.0,True,,0.0,0.7227638288550794
P1S35,RICO_Acquisition_1_07-2023.hdf,1,35,0,2023-08-01 07:01:00,2023-08-01 11:00:00,240.0,False,no sample flagged normal (Flag==1) by the authors,,
P1S36,RICO_Acquisition_1_07-2023.hdf,1,36,0,2023-08-01 11:01:00,2023-08-01 15:00:00,240.0,False,no sample flagged normal (Flag==1) by the authors,,
P1S37,RICO_Acquisition_1_07-2023.hdf,1,37,240,2023-08-01 15:01:00,2023-08-01 19:00:00,240.0,True,,0.0,0.40199099159331403
P1S38,RICO_Acquisition_1_07-2023.hdf,1,38,240,2023-08-01 19:01:00,2023-08-01 23:00:00,240.0,True,,0.0,1.300038621891689
P1S39,RICO_Acquisition_1_07-2023.hdf,1,39,240,2023-08-01 23:01:00,2023-08-02 03:00:00,240.0,True,,0.0,3.9729398492835384
P1S40,RICO_Acquisition_1_07-2023.hdf,1,40,240,2023-08-02 03:01:00,2023-08-02 07:00:00,240.0,True,,0.0,0.08181070609522542
P1S41,RICO_Acquisition_1_07-2023.hdf,1,41,240,2023-08-02 07:01:00,2023-08-02 11:00:00,240.0,True,,0.0,5.142291474710342
P1S42,RICO_Acquisition_1_07-2023.hdf,1,42,240,2023-08-02 11:01:00,2023-08-02 15:00:00,240.0,True,,0.0,0.8062334512805442
P1S43,RICO_Acquisition_1_07-2023.hdf,1,43,240,2023-08-02 15:01:00,2023-08-02 19:00:00,240.0,True,,0.0,1.5390962589395538
P1S44,RICO_Acquisition_1_07-2023.hdf,1,44,240,2023-08-02 19:01:00,2023-08-02 23:00:00,240.0,True,,0.0,0.049331302495046796
P1S45,RICO_Acquisition_1_07-2023.hdf,1,45,240,2023-08-02 23:01:00,2023-08-03 03:00:00,240.0,True,,0.0,1.639195585877023
P1S46,RICO_Acquisition_1_07-2023.hdf,1,46,240,2023-08-03 03:01:00,2023-08-03 07:00:00,240.0,True,,0.0,0.14543195411444254
P1S47,RICO_Acquisition_1_07-2023.hdf,1,47,240,2023-08-03 07:01:00,2023-08-03 11:00:00,240.0,True,,0.0,1.9633113234683732
P1S48,RICO_Acquisition_1_07-2023.hdf,1,48,0,2023-08-03 11:01:00,2023-08-03 15:00:00,240.0,False,no sample flagged normal (Flag==1) by the authors,,
P1S49,RICO_Acquisition_1_07-2023.hdf,1,49,240,2023-08-03 15:01:00,2023-08-03 19:00:00,240.0,True,,0.0,1.432398336017778
P1S50,RICO_Acquisition_1_07-2023.hdf,1,50,240,2023-08-03 19:01:00,2023-08-03 23:00:00,240.0,True,,0.0,3.0145196922387814
P1S51,RICO_Acquisition_1_07-2023.hdf,1,51,240,2023-08-03 23:01:00,2023-08-04 03:00:00,240.0,True,,0.0,3.186342017624214
P1S52,RICO_Acquisition_1_07-2023.hdf,1,52,240,2023-08-04 03:01:00,2023-08-04 07:00:00,240.0,True,,0.0,0.9489199615588821
P1S53,RICO_Acquisition_1_07-2023.hdf,1,53,240,2023-08-04 07:01:00,2023-08-04 11:00:00,240.0,True,,0.0,1.3508711482355698
P1S54,RICO_Acquisition_1_07-2023.hdf,1,54,0,2023-08-04 11:01:00,2023-08-04 15:00:00,240.0,False,no sample flagged normal (Flag==1) by the authors,,
P1S55,RICO_Acquisition_1_07-2023.hdf,1,55,240,2023-08-04 15:01:00,2023-08-04 19:00:00,240.0,True,,0.0,3.9507423873794325
P1S56,RICO_Acquisition_1_07-2023.hdf,1,56,240,2023-08-04 19:01:00,2023-08-04 23:00:00,240.0,True,,0.0,4.808102743021171
P1S57,RICO_Acquisition_1_07-2023.hdf,1,57,240,2023-08-04 23:01:00,2023-08-05 03:00:00,240.0,True,,0.0,2.4221674638951005
P1S58,RICO_Acquisition_1_07-2023.hdf,1,58,240,2023-08-05 03:01:00,2023-08-05 07:00:00,240.0,True,,0.0,3.25474332006349
P1S59,RICO_Acquisition_1_07-2023.hdf,1,59,240,2023-08-05 07:01:00,2023-08-05 11:00:00,240.0,True,,0.0,0.7828135609004911
P1S60,RICO_Acquisition_1_07-2023.hdf,1,60,240,2023-08-05 11:01:00,2023-08-05 15:00:00,240.0,True,,0.0,5.8559551993736365
P1S61,RICO_Acquisition_1_07-2023.hdf,1,61,240,2023-08-05 15:01:00,2023-08-05 19:00:00,240.0,True,,0.0,4.226505244641802
P1S62,RICO_Acquisition_1_07-2023.hdf,1,62,240,2023-08-05 19:01:00,2023-08-05 23:00:00,240.0,True,,0.0,2.3635409161854097
P1S63,RICO_Acquisition_1_07-2023.hdf,1,63,240,2023-08-05 23:01:00,2023-08-06 03:00:00,240.0,True,,0.0,1.8564419110324075
P1S64,RICO_Acquisition_1_07-2023.hdf,1,64,240,2023-08-06 03:01:00,2023-08-06 07:00:00,240.0,True,,0.0,1.821474068557326
P1S65,RICO_Acquisition_1_07-2023.hdf,1,65,240,2023-08-06 07:01:00,2023-08-06 11:00:00,240.0,True,,0.0,1.7917165670453647
P1S66,RICO_Acquisition_1_07-2023.hdf,1,66,0,2023-08-06 11:01:00,2023-08-06 15:00:00,240.0,False,no sample flagged normal (Flag==1) by the authors,,
P1S67,RICO_Acquisition_1_07-2023.hdf,1,67,240,2023-08-06 15:01:00,2023-08-06 19:00:00,240.0,True,,0.0,0.17271672456831372
P1S68,RICO_Acquisition_1_07-2023.hdf,1,68,240,2023-08-06 19:01:00,2023-08-06 23:00:00,240.0,True,,0.0,1.0958631956837104
P1S69,RICO_Acquisition_1_07-2023.hdf,1,69,240,2023-08-06 23:01:00,2023-08-07 03:00:00,240.0,True,,0.0,1.0633352406605752
P1S70,RICO_Acquisition_1_07-2023.hdf,1,70,240,2023-08-07 03:01:00,2023-08-07 07:00:00,240.0,True,,0.0,0.8495358278104653
P1S71,RICO_Acquisition_1_07-2023.hdf,1,71,0,2023-08-07 07:01:00,2023-08-07 11:00:00,240.0,False,no sample flagged normal (Flag==1) by the authors,,
P1S72,RICO_Acquisition_1_07-2023.hdf,1,72,240,2023-08-07 11:01:00,2023-08-07 15:00:00,240.0,True,,0.0,1.7419221816801371
P1S73,RICO_Acquisition_1_07-2023.hdf,1,73,240,2023-08-07 15:01:00,2023-08-07 19:00:00,240.0,True,,0.0,3.459964059075994
P1S74,RICO_Acquisition_1_07-2023.hdf,1,74,240,2023-08-07 19:01:00,2023-08-07 23:00:00,240.0,True,,0.0,1.5893995405754937
P1S75,RICO_Acquisition_1_07-2023.hdf,1,75,240,2023-08-07 23:01:00,2023-08-08 03:00:00,240.0,True,,0.0,1.3457147624059573
P1S76,RICO_Acquisition_1_07-2023.hdf,1,76,240,2023-08-08 03:01:00,2023-08-08 07:00:00,240.0,True,,0.0,0.5951541881486265
P1S77,RICO_Acquisition_1_07-2023.hdf,1,77,240,2023-08-08 07:01:00,2023-08-08 11:00:00,240.0,True,,0.0,2.002980867867498
P1S78,RICO_Acquisition_1_07-2023.hdf,1,78,240,2023-08-08 11:01:00,2023-08-08 15:00:00,240.0,True,,0.0,0.790355039122361
P1S79,RICO_Acquisition_1_07-2023.hdf,1,79,240,2023-08-08 15:01:00,2023-08-08 19:00:00,240.0,True,,0.0,0.5132525430456407
P1S80,RICO_Acquisition_1_07-2023.hdf,1,80,240,2023-08-08 19:01:00,2023-08-08 23:00:00,240.0,True,,0.0,0.9054426319942285
P1S81,RICO_Acquisition_1_07-2023.hdf,1,81,240,2023-08-08 23:01:00,2023-08-09 03:00:00,240.0,True,,0.0,1.1174834124616426
P1S82,RICO_Acquisition_1_07-2023.hdf,1,82,240,2023-08-09 03:01:00,2023-08-09 07:00:00,240.0,True,,0.0,0.11704163690701878
P1S83,RICO_Acquisition_1_07-2023.hdf,1,83,240,2023-08-09 07:01:00,2023-08-09 11:00:00,240.0,True,,0.0,2.019810834936302
P1S84,RICO_Acquisition_1_07-2023.hdf,1,84,0,2023-08-09 11:01:00,2023-08-09 15:00:00,240.0,False,no sample flagged normal (Flag==1) by the authors,,
P1S85,RICO_Acquisition_1_07-2023.hdf,1,85,240,2023-08-09 15:01:00,2023-08-09 19:00:00,240.0,True,,0.0,0.8259307542879493
P1S86,RICO_Acquisition_1_07-2023.hdf,1,86,240,2023-08-09 19:01:00,2023-08-09 23:00:00,240.0,True,,0.0,0.723496734206349
P1S87,RICO_Acquisition_1_07-2023.hdf,1,87,240,2023-08-09 23:01:00,2023-08-10 03:00:00,240.0,True,,0.0,0.800313746008532
P1S88,RICO_Acquisition_1_07-2023.hdf,1,88,0,2023-08-10 03:01:00,2023-08-10 07:00:00,240.0,False,no sample flagged normal (Flag==1) by the authors,,
P1S89,RICO_Acquisition_1_07-2023.hdf,1,89,240,2023-08-10 07:01:00,2023-08-10 11:00:00,240.0,True,,0.0,1.143793435891657
P1S90,RICO_Acquisition_1_07-2023.hdf,1,90,0,2023-08-10 11:01:00,2023-08-10 15:00:00,240.0,False,no sample flagged normal (Flag==1) by the authors,,
P1S91,RICO_Acquisition_1_07-2023.hdf,1,91,240,2023-08-10 15:01:00,2023-08-10 19:00:00,240.0,True,,0.0,0.26942491314182215
P1S92,RICO_Acquisition_1_07-2023.hdf,1,92,240,2023-08-10 19:01:00,2023-08-10 23:00:00,240.0,True,,0.0,1.340665270752113
P1S93,RICO_Acquisition_1_07-2023.hdf,1,93,240,2023-08-10 23:01:00,2023-08-11 03:00:00,240.0,True,,0.0,3.3874151525345466
P1S94,RICO_Acquisition_1_07-2023.hdf,1,94,240,2023-08-11 03:01:00,2023-08-11 07:00:00,240.0,True,,0.0,0.8123313042338176
P1S95,RICO_Acquisition_1_07-2023.hdf,1,95,240,2023-08-11 07:01:00,2023-08-11 11:00:00,240.0,True,,0.0,3.4844134912440774
P1S96,RICO_Acquisition_1_07-2023.hdf,1,96,240,2023-08-11 11:01:00,2023-08-11 15:00:00,240.0,True,,0.0,0.5686357208131216
P1S97,RICO_Acquisition_1_07-2023.hdf,1,97,0,2023-08-11 15:01:00,2023-08-11 19:00:00,240.0,False,no sample flagged normal (Flag==1) by the authors,,
P1S98,RICO_Acquisition_1_07-2023.hdf,1,98,240,2023-08-11 19:01:00,2023-08-11 23:00:00,240.0,True,,0.0,3.4195107392659803
P1S99,RICO_Acquisition_1_07-2023.hdf,1,99,240,2023-08-11 23:01:00,2023-08-12 03:00:00,240.0,True,,0.0,2.816914411046807
P1S100,RICO_Acquisition_1_07-2023.hdf,1,100,0,2023-08-12 03:01:00,2023-08-12 07:00:00,240.0,False,no sample flagged normal (Flag==1) by the authors,,
P1S101,RICO_Acquisition_1_07-2023.hdf,1,101,240,2023-08-12 07:01:00,2023-08-12 11:00:00,240.0,True,,0.0,0.6169835967972535
P2S0,RICO_Acquisition_2_10-2023.hdf,2,0,0,2023-10-20 11:01:00,2023-10-20 15:00:00,240.0,False,no sample flagged normal (Flag==1) by the authors,,
P2S1,RICO_Acquisition_2_10-2023.hdf,2,1,0,2023-10-20 15:01:00,2023-10-20 19:00:00,240.0,False,no sample flagged normal (Flag==1) by the authors,,
P2S2,RICO_Acquisition_2_10-2023.hdf,2,2,0,2023-10-20 19:01:00,2023-10-20 23:00:00,240.0,False,no sample flagged normal (Flag==1) by the authors,,
P2S3,RICO_Acquisition_2_10-2023.hdf,2,3,0,2023-10-20 23:01:00,2023-10-21 03:00:00,240.0,False,no sample flagged normal (Flag==1) by the authors,,
P2S4,RICO_Acquisition_2_10-2023.hdf,2,4,0,2023-10-21 03:01:00,2023-10-21 07:00:00,240.0,False,no sample flagged normal (Flag==1) by the authors,,
P2S5,RICO_Acquisition_2_10-2023.hdf,2,5,0,2023-10-21 07:01:00,2023-10-21 11:00:00,240.0,False,no sample flagged normal (Flag==1) by the authors,,
P2S6,RICO_Acquisition_2_10-2023.hdf,2,6,0,2023-10-21 11:01:00,2023-10-21 15:00:00,240.0,False,no sample flagged normal (Flag==1) by the authors,,
P2S7,RICO_Acquisition_2_10-2023.hdf,2,7,0,2023-10-21 15:01:00,2023-10-21 19:00:00,240.0,False,no sample flagged normal (Flag==1) by the authors,,
P2S8,RICO_Acquisition_2_10-2023.hdf,2,8,0,2023-10-21 19:01:00,2023-10-21 23:00:00,240.0,False,no sample flagged normal (Flag==1) by the authors,,
P2S9,RICO_Acquisition_2_10-2023.hdf,2,9,0,2023-10-21 23:01:00,2023-10-22 03:00:00,240.0,False,no sample flagged normal (Flag==1) by the authors,,
P2S10,RICO_Acquisition_2_10-2023.hdf,2,10,0,2023-10-22 03:01:00,2023-10-22 07:00:00,240.0,False,no sample flagged normal (Flag==1) by the authors,,
P2S11,RICO_Acquisition_2_10-2023.hdf,2,11,0,2023-10-22 07:01:00,2023-10-22 11:00:00,240.0,False,no sample flagged normal (Flag==1) by the authors,,
P2S12,RICO_Acquisition_2_10-2023.hdf,2,12,0,2023-10-22 11:01:00,2023-10-22 15:00:00,240.0,False,no sample flagged normal (Flag==1) by the authors,,
P2S13,RICO_Acquisition_2_10-2023.hdf,2,13,0,2023-10-22 15:01:00,2023-10-22 19:00:00,240.0,False,no sample flagged normal (Flag==1) by the authors,,
P2S14,RICO_Acquisition_2_10-2023.hdf,2,14,0,2023-10-22 19:01:00,2023-10-22 23:00:00,240.0,False,no sample flagged normal (Flag==1) by the authors,,
P2S15,RICO_Acquisition_2_10-2023.hdf,2,15,0,2023-10-22 23:01:00,2023-10-23 03:00:00,240.0,False,no sample flagged normal (Flag==1) by the authors,,
P2S16,RICO_Acquisition_2_10-2023.hdf,2,16,0,2023-10-23 03:01:00,2023-10-23 07:00:00,240.0,False,no sample flagged normal (Flag==1) by the authors,,
P2S17,RICO_Acquisition_2_10-2023.hdf,2,17,0,2023-10-23 07:01:00,2023-10-23 11:00:00,240.0,False,no sample flagged normal (Flag==1) by the authors,,
P2S18,RICO_Acquisition_2_10-2023.hdf,2,18,0,2023-10-23 11:01:00,2023-10-23 15:00:00,240.0,False,no sample flagged normal (Flag==1) by the authors,,
P2S19,RICO_Acquisition_2_10-2023.hdf,2,19,0,2023-10-23 15:01:00,2023-10-23 19:00:00,240.0,False,no sample flagged normal (Flag==1) by the authors,,
P2S20,RICO_Acquisition_2_10-2023.hdf,2,20,0,2023-10-23 19:01:00,2023-10-23 23:00:00,240.0,False,no sample flagged normal (Flag==1) by the authors,,
P2S21,RICO_Acquisition_2_10-2023.hdf,2,21,0,2023-10-23 23:01:00,2023-10-24 03:00:00,240.0,False,no sample flagged normal (Flag==1) by the authors,,
P2S22,RICO_Acquisition_2_10-2023.hdf,2,22,0,2023-10-24 03:01:00,2023-10-24 07:00:00,240.0,False,no sample flagged normal (Flag==1) by the authors,,
P2S23,RICO_Acquisition_2_10-2023.hdf,2,23,0,2023-10-24 07:01:00,2023-10-24 11:00:00,240.0,False,no sample flagged normal (Flag==1) by the authors,,
P2S24,RICO_Acquisition_2_10-2023.hdf,2,24,0,2023-10-24 11:01:00,2023-10-24 15:00:00,240.0,False,no sample flagged normal (Flag==1) by the authors,,
P2S25,RICO_Acquisition_2_10-2023.hdf,2,25,0,2023-10-24 15:01:00,2023-10-24 19:00:00,240.0,False,no sample flagged normal (Flag==1) by the authors,,
P2S26,RICO_Acquisition_2_10-2023.hdf,2,26,0,2023-10-24 19:01:00,2023-10-24 23:00:00,240.0,False,no sample flagged normal (Flag==1) by the authors,,
P2S27,RICO_Acquisition_2_10-2023.hdf,2,27,0,2023-10-24 23:01:00,2023-10-25 03:00:00,240.0,False,no sample flagged normal (Flag==1) by the authors,,
P2S28,RICO_Acquisition_2_10-2023.hdf,2,28,0,2023-10-25 03:01:00,2023-10-25 07:00:00,240.0,False,no sample flagged normal (Flag==1) by the authors,,
P2S29,RICO_Acquisition_2_10-2023.hdf,2,29,0,2023-10-25 07:01:00,2023-10-25 11:00:00,240.0,False,no sample flagged normal (Flag==1) by the authors,,
P2S30,RICO_Acquisition_2_10-2023.hdf,2,30,0,2023-10-25 11:01:00,2023-10-25 15:00:00,240.0,False,no sample flagged normal (Flag==1) by the authors,,
P2S31,RICO_Acquisition_2_10-2023.hdf,2,31,0,2023-10-25 15:01:00,2023-10-25 19:00:00,240.0,False,no sample flagged normal (Flag==1) by the authors,,
P2S32,RICO_Acquisition_2_10-2023.hdf,2,32,0,2023-10-25 19:01:00,2023-10-25 23:00:00,240.0,False,no sample flagged normal (Flag==1) by the authors,,
P2S33,RICO_Acquisition_2_10-2023.hdf,2,33,0,2023-10-25 23:01:00,2023-10-26 03:00:00,240.0,False,no sample flagged normal (Flag==1) by the authors,,
P2S34,RICO_Acquisition_2_10-2023.hdf,2,34,0,2023-10-26 03:01:00,2023-10-26 07:00:00,240.0,False,no sample flagged normal (Flag==1) by the authors,,
P2S35,RICO_Acquisition_2_10-2023.hdf,2,35,0,2023-10-26 07:01:00,2023-10-26 11:00:00,240.0,False,no sample flagged normal (Flag==1) by the authors,,
P2S36,RICO_Acquisition_2_10-2023.hdf,2,36,0,2023-10-26 11:01:00,2023-10-26 15:00:00,240.0,False,no sample flagged normal (Flag==1) by the authors,,
P2S37,RICO_Acquisition_2_10-2023.hdf,2,37,0,2023-10-26 15:01:00,2023-10-26 19:00:00,240.0,False,no sample flagged normal (Flag==1) by the authors,,
P2S38,RICO_Acquisition_2_10-2023.hdf,2,38,0,2023-10-26 19:01:00,2023-10-26 23:00:00,240.0,False,no sample flagged normal (Flag==1) by the authors,,
P2S39,RICO_Acquisition_2_10-2023.hdf,2,39,0,2023-10-26 23:01:00,2023-10-27 03:00:00,240.0,False,no sample flagged normal (Flag==1) by the authors,,
P2S40,RICO_Acquisition_2_10-2023.hdf,2,40,0,2023-10-27 03:01:00,2023-10-27 07:00:00,240.0,False,no sample flagged normal (Flag==1) by the authors,,
P2S41,RICO_Acquisition_2_10-2023.hdf,2,41,0,2023-10-27 07:01:00,2023-10-27 11:00:00,240.0,False,no sample flagged normal (Flag==1) by the authors,,
P2S42,RICO_Acquisition_2_10-2023.hdf,2,42,0,2023-10-27 11:01:00,2023-10-27 15:00:00,240.0,False,no sample flagged normal (Flag==1) by the authors,,
P2S43,RICO_Acquisition_2_10-2023.hdf,2,43,0,2023-10-27 15:01:00,2023-10-27 19:00:00,240.0,False,no sample flagged normal (Flag==1) by the authors,,
P2S44,RICO_Acquisition_2_10-2023.hdf,2,44,0,2023-10-27 19:01:00,2023-10-27 23:00:00,240.0,False,no sample flagged normal (Flag==1) by the authors,,
P2S45,RICO_Acquisition_2_10-2023.hdf,2,45,0,2023-10-27 23:01:00,2023-10-28 03:00:00,240.0,False,no sample flagged normal (Flag==1) by the authors,,
P2S46,RICO_Acquisition_2_10-2023.hdf,2,46,0,2023-10-28 03:01:00,2023-10-28 07:00:00,240.0,False,no sample flagged normal (Flag==1) by the authors,,
P2S47,RICO_Acquisition_2_10-2023.hdf,2,47,0,2023-10-28 07:01:00,2023-10-28 11:00:00,240.0,False,no sample flagged normal (Flag==1) by the authors,,
P2S48,RICO_Acquisition_2_10-2023.hdf,2,48,0,2023-10-28 11:01:00,2023-10-28 15:00:00,240.0,False,no sample flagged normal (Flag==1) by the authors,,
P2S49,RICO_Acquisition_2_10-2023.hdf,2,49,0,2023-10-28 15:01:00,2023-10-28 19:00:00,240.0,False,no sample flagged normal (Flag==1) by the authors,,
P2S50,RICO_Acquisition_2_10-2023.hdf,2,50,0,2023-10-28 19:01:00,2023-10-28 23:00:00,240.0,False,no sample flagged normal (Flag==1) by the authors,,
P2S51,RICO_Acquisition_2_10-2023.hdf,2,51,0,2023-10-28 23:01:00,2023-10-29 03:00:00,240.0,False,no sample flagged normal (Flag==1) by the authors,,
P2S52,RICO_Acquisition_2_10-2023.hdf,2,52,0,2023-10-29 03:01:00,2023-10-29 07:00:00,240.0,False,no sample flagged normal (Flag==1) by the authors,,
P2S53,RICO_Acquisition_2_10-2023.hdf,2,53,0,2023-10-29 07:01:00,2023-10-29 11:00:00,240.0,False,no sample flagged normal (Flag==1) by the authors,,
P2S54,RICO_Acquisition_2_10-2023.hdf,2,54,0,2023-10-29 11:01:00,2023-10-29 15:00:00,240.0,False,no sample flagged normal (Flag==1) by the authors,,
P2S55,RICO_Acquisition_2_10-2023.hdf,2,55,0,2023-10-29 15:01:00,2023-10-29 19:00:00,240.0,False,no sample flagged normal (Flag==1) by the authors,,
P2S56,RICO_Acquisition_2_10-2023.hdf,2,56,0,2023-10-29 19:01:00,2023-10-29 23:00:00,240.0,False,no sample flagged normal (Flag==1) by the authors,,
P2S57,RICO_Acquisition_2_10-2023.hdf,2,57,0,2023-10-29 23:01:00,2023-10-30 03:00:00,240.0,False,no sample flagged normal (Flag==1) by the authors,,
P2S58,RICO_Acquisition_2_10-2023.hdf,2,58,0,2023-10-30 03:01:00,2023-10-30 07:00:00,240.0,False,no sample flagged normal (Flag==1) by the authors,,
P2S59,RICO_Acquisition_2_10-2023.hdf,2,59,0,2023-10-30 07:01:00,2023-10-30 11:00:00,240.0,False,no sample flagged normal (Flag==1) by the authors,,
P3S0,RICO_Acquisition_3_01-2024.hdf,3,0,240,2024-01-22 13:30:00,2024-01-22 17:29:00,240.0,True,,0.0,3.0407205880449903
P3S1,RICO_Acquisition_3_01-2024.hdf,3,1,240,2024-01-23 05:30:00,2024-01-23 09:29:00,240.0,True,,0.0,0.5061296174689038
P3S2,RICO_Acquisition_3_01-2024.hdf,3,2,240,2024-01-23 21:30:00,2024-01-24 01:29:00,240.0,True,,0.0,1.1201087688766505
P3S3,RICO_Acquisition_3_01-2024.hdf,3,3,240,2024-01-24 13:30:00,2024-01-24 17:29:00,240.0,True,,0.0,0.8135360040259946
P3S4,RICO_Acquisition_3_01-2024.hdf,3,4,240,2024-01-25 05:30:00,2024-01-25 09:29:00,240.0,True,,0.0,1.0907126635211548
P3S5,RICO_Acquisition_3_01-2024.hdf,3,5,240,2024-01-25 21:30:00,2024-01-26 01:29:00,240.0,True,,0.0,0.678317304372693
P4S0,RICO_Acquisition_4_02-2024.hdf,4,0,240,2024-01-29 15:01:00,2024-01-29 19:00:00,240.0,True,,0.0,1.3618834254205263
P4S1,RICO_Acquisition_4_02-2024.hdf,4,1,240,2024-01-29 19:01:00,2024-01-29 23:00:00,240.0,True,,0.0,1.5022920076172368
P4S2,RICO_Acquisition_4_02-2024.hdf,4,2,240,2024-01-29 23:01:00,2024-01-30 03:00:00,240.0,True,,0.0,0.9342520446031619
P4S3,RICO_Acquisition_4_02-2024.hdf,4,3,240,2024-01-30 03:01:00,2024-01-30 07:00:00,240.0,True,,0.0,0.25677398632997883
P4S4,RICO_Acquisition_4_02-2024.hdf,4,4,0,2024-01-30 07:01:00,2024-01-30 11:00:00,240.0,False,no sample flagged normal (Flag==1) by the authors,,
P4S5,RICO_Acquisition_4_02-2024.hdf,4,5,240,2024-01-30 11:01:00,2024-01-30 15:00:00,240.0,True,,0.0,0.548208696987997
P4S6,RICO_Acquisition_4_02-2024.hdf,4,6,240,2024-01-30 15:01:00,2024-01-30 19:00:00,240.0,True,,0.0,0.3705616002523602
P4S7,RICO_Acquisition_4_02-2024.hdf,4,7,240,2024-01-30 19:01:00,2024-01-30 23:00:00,240.0,True,,0.0,0.9025823019068572
P4S8,RICO_Acquisition_4_02-2024.hdf,4,8,240,2024-01-30 23:01:00,2024-01-31 03:00:00,240.0,True,,0.0,0.23076490358207444
P4S9,RICO_Acquisition_4_02-2024.hdf,4,9,240,2024-01-31 03:01:00,2024-01-31 07:00:00,240.0,True,,0.0,1.644694727347472
P4S10,RICO_Acquisition_4_02-2024.hdf,4,10,240,2024-01-31 07:01:00,2024-01-31 11:00:00,240.0,True,,0.0,0.4466704266167026
P4S11,RICO_Acquisition_4_02-2024.hdf,4,11,240,2024-01-31 11:01:00,2024-01-31 15:00:00,240.0,True,,0.0,0.2369520398247857
P4S12,RICO_Acquisition_4_02-2024.hdf,4,12,240,2024-01-31 15:01:00,2024-01-31 19:00:00,240.0,True,,0.0,1.6943832060940183
P4S13,RICO_Acquisition_4_02-2024.hdf,4,13,240,2024-01-31 19:01:00,2024-01-31 23:00:00,240.0,True,,0.0,2.248488993642792
P4S14,RICO_Acquisition_4_02-2024.hdf,4,14,240,2024-01-31 23:01:00,2024-02-01 03:00:00,240.0,True,,0.0,0.6325299536460025
P4S15,RICO_Acquisition_4_02-2024.hdf,4,15,240,2024-02-01 03:01:00,2024-02-01 07:00:00,240.0,True,,0.0,1.5279212138406626
P4S16,RICO_Acquisition_4_02-2024.hdf,4,16,240,2024-02-01 07:01:00,2024-02-01 11:00:00,240.0,True,,0.0,2.926241079431288
P4S17,RICO_Acquisition_4_02-2024.hdf,4,17,240,2024-02-01 11:01:00,2024-02-01 15:00:00,240.0,True,,0.0,0.13842861902889997
P4S18,RICO_Acquisition_4_02-2024.hdf,4,18,240,2024-02-01 15:01:00,2024-02-01 19:00:00,240.0,True,,0.0,1.9739128498070004
P4S19,RICO_Acquisition_4_02-2024.hdf,4,19,240,2024-02-01 19:01:00,2024-02-01 23:00:00,240.0,True,,0.0,1.3179312642525336
P4S20,RICO_Acquisition_4_02-2024.hdf,4,20,240,2024-02-01 23:01:00,2024-02-02 03:00:00,240.0,True,,0.0,0.33031381680641436
P4S21,RICO_Acquisition_4_02-2024.hdf,4,21,240,2024-02-02 03:01:00,2024-02-02 07:00:00,240.0,True,,0.0,1.0225960857214227
P4S22,RICO_Acquisition_4_02-2024.hdf,4,22,240,2024-02-02 07:01:00,2024-02-02 11:00:00,240.0,True,,0.0,0.23882411845057844
P4S23,RICO_Acquisition_4_02-2024.hdf,4,23,240,2024-02-02 11:01:00,2024-02-02 15:00:00,240.0,True,,0.0,1.1418939954269793
P4S24,RICO_Acquisition_4_02-2024.hdf,4,24,240,2024-02-02 15:01:00,2024-02-02 19:00:00,240.0,True,,0.0,0.5117774356633109
P4S25,RICO_Acquisition_4_02-2024.hdf,4,25,240,2024-02-02 19:01:00,2024-02-02 23:00:00,240.0,True,,0.0,1.3675658673985835
P4S26,RICO_Acquisition_4_02-2024.hdf,4,26,240,2024-02-02 23:01:00,2024-02-03 03:00:00,240.0,True,,0.0,0.8442990168456806
P4S27,RICO_Acquisition_4_02-2024.hdf,4,27,240,2024-02-03 03:01:00,2024-02-03 07:00:00,240.0,True,,0.0,0.6425433251432874
P4S28,RICO_Acquisition_4_02-2024.hdf,4,28,240,2024-02-03 07:01:00,2024-02-03 11:00:00,240.0,True,,0.0,0.8875254136263572
P4S29,RICO_Acquisition_4_02-2024.hdf,4,29,240,2024-02-03 11:01:00,2024-02-03 15:00:00,240.0,True,,0.0,0.2608319352875141
P4S30,RICO_Acquisition_4_02-2024.hdf,4,30,240,2024-02-03 15:01:00,2024-02-03 19:00:00,240.0,True,,0.0,2.72076622724544
P4S31,RICO_Acquisition_4_02-2024.hdf,4,31,240,2024-02-03 19:01:00,2024-02-03 23:00:00,240.0,True,,0.0,2.6533628763695245
P4S32,RICO_Acquisition_4_02-2024.hdf,4,32,240,2024-02-03 23:01:00,2024-02-04 03:00:00,240.0,True,,0.0,1.2001812973228316
P4S33,RICO_Acquisition_4_02-2024.hdf,4,33,240,2024-02-04 03:01:00,2024-02-04 07:00:00,240.0,True,,0.0,0.6814690782438412
P4S34,RICO_Acquisition_4_02-2024.hdf,4,34,240,2024-02-04 07:01:00,2024-02-04 11:00:00,240.0,True,,0.0,2.550844064095362
P4S35,RICO_Acquisition_4_02-2024.hdf,4,35,240,2024-02-04 11:01:00,2024-02-04 15:00:00,240.0,True,,0.0,2.0932147388209588
P4S36,RICO_Acquisition_4_02-2024.hdf,4,36,240,2024-02-04 15:01:00,2024-02-04 19:00:00,240.0,True,,0.0,1.8268904158030004
P4S37,RICO_Acquisition_4_02-2024.hdf,4,37,240,2024-02-04 19:01:00,2024-02-04 23:00:00,240.0,True,,0.0,1.1713823057721808
P4S38,RICO_Acquisition_4_02-2024.hdf,4,38,240,2024-02-04 23:01:00,2024-02-05 03:00:00,240.0,True,,0.0,1.6552173861873731
P4S39,RICO_Acquisition_4_02-2024.hdf,4,39,240,2024-02-05 03:01:00,2024-02-05 07:00:00,240.0,True,,0.0,1.2080621058554504
P4S40,RICO_Acquisition_4_02-2024.hdf,4,40,240,2024-02-05 07:01:00,2024-02-05 11:00:00,240.0,True,,0.0,0.9673581185001616
P4S41,RICO_Acquisition_4_02-2024.hdf,4,41,240,2024-02-05 11:01:00,2024-02-05 15:00:00,240.0,True,,0.0,3.467613759962969
P4S42,RICO_Acquisition_4_02-2024.hdf,4,42,240,2024-02-05 15:01:00,2024-02-05 19:00:00,240.0,True,,0.0,4.162614291594379
P4S43,RICO_Acquisition_4_02-2024.hdf,4,43,240,2024-02-05 19:01:00,2024-02-05 23:00:00,240.0,True,,0.0,2.052154020226945
P4S44,RICO_Acquisition_4_02-2024.hdf,4,44,240,2024-02-05 23:01:00,2024-02-06 03:00:00,240.0,True,,0.0,1.15591009082684
P4S45,RICO_Acquisition_4_02-2024.hdf,4,45,240,2024-02-06 03:01:00,2024-02-06 07:00:00,240.0,True,,0.0,1.5577725555189479
P4S46,RICO_Acquisition_4_02-2024.hdf,4,46,240,2024-02-06 07:01:00,2024-02-06 11:00:00,240.0,True,,0.0,2.1169419784932306
P4S47,RICO_Acquisition_4_02-2024.hdf,4,47,240,2024-02-06 11:01:00,2024-02-06 15:00:00,240.0,True,,0.0,2.0547556414728674
P4S48,RICO_Acquisition_4_02-2024.hdf,4,48,240,2024-02-06 15:01:00,2024-02-06 19:00:00,240.0,True,,0.0,2.672018307203505
P4S49,RICO_Acquisition_4_02-2024.hdf,4,49,240,2024-02-06 19:01:00,2024-02-06 23:00:00,240.0,True,,0.0,4.027998224942443
P4S50,RICO_Acquisition_4_02-2024.hdf,4,50,240,2024-02-06 23:01:00,2024-02-07 03:00:00,240.0,True,,0.0,2.082700210631385
P4S51,RICO_Acquisition_4_02-2024.hdf,4,51,240,2024-02-07 03:01:00,2024-02-07 07:00:00,240.0,True,,0.0,2.367968744787418
P4S52,RICO_Acquisition_4_02-2024.hdf,4,52,240,2024-02-07 07:01:00,2024-02-07 11:00:00,240.0,True,,0.0,0.7637524581265069
P4S53,RICO_Acquisition_4_02-2024.hdf,4,53,240,2024-02-07 11:01:00,2024-02-07 15:00:00,240.0,True,,0.0,2.71322497847515
P4S54,RICO_Acquisition_4_02-2024.hdf,4,54,240,2024-02-07 15:01:00,2024-02-07 19:00:00,240.0,True,,0.0,1.2091803648801593
P4S55,RICO_Acquisition_4_02-2024.hdf,4,55,240,2024-02-07 19:01:00,2024-02-07 23:00:00,240.0,True,,0.0,0.6496168809769411
P4S56,RICO_Acquisition_4_02-2024.hdf,4,56,240,2024-02-07 23:01:00,2024-02-08 03:00:00,240.0,True,,0.0,0.5683272084808028
P4S57,RICO_Acquisition_4_02-2024.hdf,4,57,240,2024-02-08 03:01:00,2024-02-08 07:00:00,240.0,True,,0.0,2.1714386351367554
P4S58,RICO_Acquisition_4_02-2024.hdf,4,58,240,2024-02-08 07:01:00,2024-02-08 11:00:00,240.0,True,,0.0,1.227185026497964
P5S0,RICO_Acquisition_5_05-2024.hdf,5,0,240,2024-05-08 07:01:00,2024-05-08 11:00:00,240.0,True,,0.0,1.554035945422522
P5S1,RICO_Acquisition_5_05-2024.hdf,5,1,240,2024-05-08 11:01:00,2024-05-08 15:00:00,240.0,True,,0.0,1.0181446604053153
P5S2,RICO_Acquisition_5_05-2024.hdf,5,2,240,2024-05-08 15:01:00,2024-05-08 19:00:00,240.0,True,,0.0,2.664748667370161
P5S3,RICO_Acquisition_5_05-2024.hdf,5,3,240,2024-05-08 19:01:00,2024-05-08 23:00:00,240.0,True,,0.0,3.658409524786151
P5S4,RICO_Acquisition_5_05-2024.hdf,5,4,240,2024-05-08 23:01:00,2024-05-09 03:00:00,240.0,True,,0.0,2.5816505969518766
P5S5,RICO_Acquisition_5_05-2024.hdf,5,5,240,2024-05-09 03:01:00,2024-05-09 07:00:00,240.0,True,,0.0,0.2357038629681981
P5S6,RICO_Acquisition_5_05-2024.hdf,5,6,240,2024-05-09 07:01:00,2024-05-09 11:00:00,240.0,True,,0.0,0.33908153901035215
P5S7,RICO_Acquisition_5_05-2024.hdf,5,7,240,2024-05-09 11:01:00,2024-05-09 15:00:00,240.0,True,,0.0,1.9871736550402215
P5S8,RICO_Acquisition_5_05-2024.hdf,5,8,240,2024-05-09 15:01:00,2024-05-09 19:00:00,240.0,True,,0.0,1.4084619245923902
P5S9,RICO_Acquisition_5_05-2024.hdf,5,9,240,2024-05-09 19:01:00,2024-05-09 23:00:00,240.0,True,,0.0,1.146557442050723
P5S10,RICO_Acquisition_5_05-2024.hdf,5,10,240,2024-05-09 23:01:00,2024-05-10 03:00:00,240.0,True,,0.0,1.8970203458235813
P5S11,RICO_Acquisition_5_05-2024.hdf,5,11,240,2024-05-10 03:01:00,2024-05-10 07:00:00,240.0,True,,0.0,0.9296225295354049
P5S12,RICO_Acquisition_5_05-2024.hdf,5,12,240,2024-05-10 07:01:00,2024-05-10 11:00:00,240.0,True,,0.0,0.9681309546377261
P5S13,RICO_Acquisition_5_05-2024.hdf,5,13,240,2024-05-10 11:01:00,2024-05-10 15:00:00,240.0,True,,0.0,1.7033407162212026
P5S14,RICO_Acquisition_5_05-2024.hdf,5,14,240,2024-05-10 15:01:00,2024-05-10 19:00:00,240.0,True,,0.0,3.4416424957192033
P5S15,RICO_Acquisition_5_05-2024.hdf,5,15,240,2024-05-10 19:01:00,2024-05-10 23:00:00,240.0,True,,0.0,0.41683873713398284
P5S16,RICO_Acquisition_5_05-2024.hdf,5,16,240,2024-05-10 23:01:00,2024-05-11 03:00:00,240.0,True,,0.0,0.12300003968658257
P5S17,RICO_Acquisition_5_05-2024.hdf,5,17,240,2024-05-11 03:01:00,2024-05-11 07:00:00,240.0,True,,0.0,0.5147813377177562
P5S18,RICO_Acquisition_5_05-2024.hdf,5,18,240,2024-05-11 07:01:00,2024-05-11 11:00:00,240.0,True,,0.0,0.6589898391396191
P5S19,RICO_Acquisition_5_05-2024.hdf,5,19,240,2024-05-11 11:01:00,2024-05-11 15:00:00,240.0,True,,0.0,0.2576036845591805
P5S20,RICO_Acquisition_5_05-2024.hdf,5,20,240,2024-05-11 15:01:00,2024-05-11 19:00:00,240.0,True,,0.0,1.7903798693876412
P5S21,RICO_Acquisition_5_05-2024.hdf,5,21,240,2024-05-11 19:01:00,2024-05-11 23:00:00,240.0,True,,0.0,0.049092176983754274
P5S22,RICO_Acquisition_5_05-2024.hdf,5,22,240,2024-05-11 23:01:00,2024-05-12 03:00:00,240.0,True,,0.0,0.5510467723594383
P5S23,RICO_Acquisition_5_05-2024.hdf,5,23,240,2024-05-12 03:01:00,2024-05-12 07:00:00,240.0,True,,0.0,0.8287675479503074
P5S24,RICO_Acquisition_5_05-2024.hdf,5,24,240,2024-05-12 07:01:00,2024-05-12 11:00:00,240.0,True,,0.0,0.8774233229104234
P5S25,RICO_Acquisition_5_05-2024.hdf,5,25,240,2024-05-12 11:01:00,2024-05-12 15:00:00,240.0,True,,0.0,0.9375476742875873
P5S26,RICO_Acquisition_5_05-2024.hdf,5,26,240,2024-05-12 15:01:00,2024-05-12 19:00:00,240.0,True,,0.0,0.2681718547016341
P5S27,RICO_Acquisition_5_05-2024.hdf,5,27,240,2024-05-12 19:01:00,2024-05-12 23:00:00,240.0,True,,0.0,1.1127352524210212
P5S28,RICO_Acquisition_5_05-2024.hdf,5,28,240,2024-05-12 23:01:00,2024-05-13 03:00:00,240.0,True,,0.0,1.7658515000483908
P5S29,RICO_Acquisition_5_05-2024.hdf,5,29,240,2024-05-13 03:01:00,2024-05-13 07:00:00,240.0,True,,0.0,5.49589018504563
P5S30,RICO_Acquisition_5_05-2024.hdf,5,30,240,2024-05-13 07:01:00,2024-05-13 11:00:00,240.0,True,,0.0,3.995816304939116
P5S31,RICO_Acquisition_5_05-2024.hdf,5,31,240,2024-05-13 11:01:00,2024-05-13 15:00:00,240.0,True,,0.0,3.9835011898364194
P5S32,RICO_Acquisition_5_05-2024.hdf,5,32,240,2024-05-13 15:01:00,2024-05-13 19:00:00,240.0,True,,0.0,2.583247715322105
P5S33,RICO_Acquisition_5_05-2024.hdf,5,33,240,2024-05-13 19:01:00,2024-05-13 23:00:00,240.0,True,,0.0,0.8375696020121451
P5S34,RICO_Acquisition_5_05-2024.hdf,5,34,240,2024-05-13 23:01:00,2024-05-14 03:00:00,240.0,True,,0.0,1.6199031752148427
P5S35,RICO_Acquisition_5_05-2024.hdf,5,35,240,2024-05-14 03:01:00,2024-05-14 07:00:00,240.0,True,,0.0,0.2808087542890283
P5S36,RICO_Acquisition_5_05-2024.hdf,5,36,240,2024-05-14 07:01:00,2024-05-14 11:00:00,240.0,True,,0.0,0.4340283156667983
P5S37,RICO_Acquisition_5_05-2024.hdf,5,37,240,2024-05-14 11:01:00,2024-05-14 15:00:00,240.0,True,,0.0,0.5844019401191809
P5S38,RICO_Acquisition_5_05-2024.hdf,5,38,240,2024-05-14 15:01:00,2024-05-14 19:00:00,240.0,True,,0.0,0.32432716534590633
P5S39,RICO_Acquisition_5_05-2024.hdf,5,39,240,2024-05-14 19:01:00,2024-05-14 23:00:00,240.0,True,,0.0,0.657553339813691
P5S40,RICO_Acquisition_5_05-2024.hdf,5,40,240,2024-05-14 23:01:00,2024-05-15 03:00:00,240.0,True,,0.0,1.8030134681272507
P5S41,RICO_Acquisition_5_05-2024.hdf,5,41,240,2024-05-15 03:01:00,2024-05-15 07:00:00,240.0,True,,0.0,3.4694602050413277
P5S42,RICO_Acquisition_5_05-2024.hdf,5,42,240,2024-05-15 07:01:00,2024-05-15 11:00:00,240.0,True,,0.0,2.733671920468643
P5S43,RICO_Acquisition_5_05-2024.hdf,5,43,240,2024-05-15 11:01:00,2024-05-15 15:00:00,240.0,True,,0.0,1.3532377620822011
P5S44,RICO_Acquisition_5_05-2024.hdf,5,44,240,2024-05-15 15:01:00,2024-05-15 19:00:00,240.0,True,,0.0,1.1342579705049969
P5S45,RICO_Acquisition_5_05-2024.hdf,5,45,240,2024-05-15 19:01:00,2024-05-15 23:00:00,240.0,True,,0.0,2.9360762521972887
P5S46,RICO_Acquisition_5_05-2024.hdf,5,46,240,2024-05-15 23:01:00,2024-05-16 03:00:00,240.0,True,,0.0,3.2189605369797865
P5S47,RICO_Acquisition_5_05-2024.hdf,5,47,240,2024-05-16 03:01:00,2024-05-16 07:00:00,240.0,True,,0.0,1.124963892183601
P5S48,RICO_Acquisition_5_05-2024.hdf,5,48,240,2024-05-16 07:01:00,2024-05-16 11:00:00,240.0,True,,0.0,1.4288675524926193
P5S49,RICO_Acquisition_5_05-2024.hdf,5,49,240,2024-05-16 11:01:00,2024-05-16 15:00:00,240.0,True,,0.0,0.37720042469556664
P5S50,RICO_Acquisition_5_05-2024.hdf,5,50,240,2024-05-16 15:01:00,2024-05-16 19:00:00,240.0,True,,0.0,1.7561952007065327
P5S51,RICO_Acquisition_5_05-2024.hdf,5,51,240,2024-05-16 19:01:00,2024-05-16 23:00:00,240.0,True,,0.0,2.059455182453739
P5S52,RICO_Acquisition_5_05-2024.hdf,5,52,240,2024-05-16 23:01:00,2024-05-17 03:00:00,240.0,True,,0.0,2.169283434833162
P5S53,RICO_Acquisition_5_05-2024.hdf,5,53,240,2024-05-17 03:01:00,2024-05-17 07:00:00,240.0,True,,0.0,3.465935822073688
P5S54,RICO_Acquisition_5_05-2024.hdf,5,54,240,2024-05-17 07:01:00,2024-05-17 11:00:00,240.0,True,,0.0,1.4733470633349282
P5S55,RICO_Acquisition_5_05-2024.hdf,5,55,240,2024-05-17 11:01:00,2024-05-17 15:00:00,240.0,True,,0.0,4.494129131736166
P5S56,RICO_Acquisition_5_05-2024.hdf,5,56,240,2024-05-17 15:01:00,2024-05-17 19:00:00,240.0,True,,0.0,4.702855597090461
P5S57,RICO_Acquisition_5_05-2024.hdf,5,57,240,2024-05-17 19:01:00,2024-05-17 23:00:00,240.0,True,,0.0,1.357726931236448
P5S58,RICO_Acquisition_5_05-2024.hdf,5,58,240,2024-05-17 23:01:00,2024-05-18 03:00:00,240.0,True,,0.0,0.59186591808705
P5S59,RICO_Acquisition_5_05-2024.hdf,5,59,240,2024-05-18 03:01:00,2024-05-18 07:00:00,240.0,True,,0.0,0.3716015228322794
