dataset,group_id,target_id,n_rows,start,end,freq,season_steps,seasonal_naive_supported,n_train,n_calibration,n_test
rico,P1S1,B.RTD3,240,2023-07-26 15:01:00,2023-07-26 19:00:00,0 days 00:01:00,,False,240,0,0
rico,P1S2,B.RTD3,240,2023-07-26 19:01:00,2023-07-26 23:00:00,0 days 00:01:00,,False,240,0,0
rico,P1S4,B.RTD3,240,2023-07-27 03:01:00,2023-07-27 07:00:00,0 days 00:01:00,,False,240,0,0
rico,P1S5,B.RTD3,240,2023-07-27 07:01:00,2023-07-27 11:00:00,0 days 00:01:00,,False,240,0,0
rico,P1S7,B.RTD3,240,2023-07-27 15:01:00,2023-07-27 19:00:00,0 days 00:01:00,,False,240,0,0
rico,P1S8,B.RTD3,240,2023-07-27 19:01:00,2023-07-27 23:00:00,0 days 00:01:00,,False,240,0,0
rico,P1S9,B.RTD3,240,2023-07-27 23:01:00,2023-07-28 03:00:00,0 days 00:01:00,,False,240,0,0
rico,P1S10,B.RTD3,240,2023-07-28 03:01:00,2023-07-28 07:00:00,0 days 00:01:00,,False,240,0,0
rico,P1S11,B.RTD3,240,2023-07-28 07:01:00,2023-07-28 11:00:00,0 days 00:01:00,,False,240,0,0
rico,P1S12,B.RTD3,240,2023-07-28 11:01:00,2023-07-28 15:00:00,0 days 00:01:00,,False,240,0,0
rico,P1S13,B.RTD3,240,2023-07-28 15:01:00,2023-07-28 19:00:00,0 days 00:01:00,,False,240,0,0
rico,P1S14,B.RTD3,240,2023-07-28 19:01:00,2023-07-28 23:00:00,0 days 00:01:00,,False,240,0,0
rico,P1S15,B.RTD3,240,2023-07-28 23:01:00,2023-07-29 03:00:00,0 days 00:01:00,,False,240,0,0
rico,P1S16,B.RTD3,240,2023-07-29 03:01:00,2023-07-29 07:00:00,0 days 00:01:00,,False,240,0,0
rico,P1S17,B.RTD3,240,2023-07-29 07:01:00,2023-07-29 11:00:00,0 days 00:01:00,,False,240,0,0
rico,P1S20,B.RTD3,240,2023-07-29 19:01:00,2023-07-29 23:00:00,0 days 00:01:00,,False,240,0,0
rico,P1S21,B.RTD3,240,2023-07-29 23:01:00,2023-07-30 03:00:00,0 days 00:01:00,,False,240,0,0
rico,P1S22,B.RTD3,240,2023-07-30 03:01:00,2023-07-30 07:00:00,0 days 00:01:00,,False,240,0,0
rico,P1S23,B.RTD3,240,2023-07-30 07:01:00,2023-07-30 11:00:00,0 days 00:01:00,,False,240,0,0
rico,P1S26,B.RTD3,240,2023-07-30 19:01:00,2023-07-30 23:00:00,0 days 00:01:00,,False,240,0,0
rico,P1S27,B.RTD3,240,2023-07-30 23:01:00,2023-07-31 03:00:00,0 days 00:01:00,,False,240,0,0
rico,P1S28,B.RTD3,240,2023-07-31 03:01:00,2023-07-31 07:00:00,0 days 00:01:00,,False,240,0,0
rico,P1S29,B.RTD3,240,2023-07-31 07:01:00,2023-07-31 11:00:00,0 days 00:01:00,,False,240,0,0
rico,P1S31,B.RTD3,240,2023-07-31 15:01:00,2023-07-31 19:00:00,0 days 00:01:00,,False,240,0,0
rico,P1S32,B.RTD3,240,2023-07-31 19:01:00,2023-07-31 23:00:00,0 days 00:01:00,,False,240,0,0
rico,P1S33,B.RTD3,240,2023-07-31 23:01:00,2023-08-01 03:00:00,0 days 00:01:00,,False,240,0,0
rico,P1S34,B.RTD3,240,2023-08-01 03:01:00,2023-08-01 07:00:00,0 days 00:01:00,,False,240,0,0
rico,P1S37,B.RTD3,240,2023-08-01 15:01:00,2023-08-01 19:00:00,0 days 00:01:00,,False,240,0,0
rico,P1S38,B.RTD3,240,2023-08-01 19:01:00,2023-08-01 23:00:00,0 days 00:01:00,,False,240,0,0
rico,P1S39,B.RTD3,240,2023-08-01 23:01:00,2023-08-02 03:00:00,0 days 00:01:00,,False,240,0,0
rico,P1S40,B.RTD3,240,2023-08-02 03:01:00,2023-08-02 07:00:00,0 days 00:01:00,,False,240,0,0
rico,P1S41,B.RTD3,240,2023-08-02 07:01:00,2023-08-02 11:00:00,0 days 00:01:00,,False,240,0,0
rico,P1S42,B.RTD3,240,2023-08-02 11:01:00,2023-08-02 15:00:00,0 days 00:01:00,,False,240,0,0
rico,P1S43,B.RTD3,240,2023-08-02 15:01:00,2023-08-02 19:00:00,0 days 00:01:00,,False,240,0,0
rico,P1S44,B.RTD3,240,2023-08-02 19:01:00,2023-08-02 23:00:00,0 days 00:01:00,,False,240,0,0
rico,P1S45,B.RTD3,240,2023-08-02 23:01:00,2023-08-03 03:00:00,0 days 00:01:00,,False,240,0,0
rico,P1S46,B.RTD3,240,2023-08-03 03:01:00,2023-08-03 07:00:00,0 days 00:01:00,,False,240,0,0
rico,P1S47,B.RTD3,240,2023-08-03 07:01:00,2023-08-03 11:00:00,0 days 00:01:00,,False,240,0,0
rico,P1S49,B.RTD3,240,2023-08-03 15:01:00,2023-08-03 19:00:00,0 days 00:01:00,,False,240,0,0
rico,P1S50,B.RTD3,240,2023-08-03 19:01:00,2023-08-03 23:00:00,0 days 00:01:00,,False,240,0,0
rico,P1S51,B.RTD3,240,2023-08-03 23:01:00,2023-08-04 03:00:00,0 days 00:01:00,,False,240,0,0
rico,P1S52,B.RTD3,240,2023-08-04 03:01:00,2023-08-04 07:00:00,0 days 00:01:00,,False,240,0,0
rico,P1S53,B.RTD3,240,2023-08-04 07:01:00,2023-08-04 11:00:00,0 days 00:01:00,,False,240,0,0
rico,P1S55,B.RTD3,240,2023-08-04 15:01:00,2023-08-04 19:00:00,0 days 00:01:00,,False,240,0,0
rico,P1S56,B.RTD3,240,2023-08-04 19:01:00,2023-08-04 23:00:00,0 days 00:01:00,,False,240,0,0
rico,P1S57,B.RTD3,240,2023-08-04 23:01:00,2023-08-05 03:00:00,0 days 00:01:00,,False,240,0,0
rico,P1S58,B.RTD3,240,2023-08-05 03:01:00,2023-08-05 07:00:00,0 days 00:01:00,,False,240,0,0
rico,P1S59,B.RTD3,240,2023-08-05 07:01:00,2023-08-05 11:00:00,0 days 00:01:00,,False,240,0,0
rico,P1S60,B.RTD3,240,2023-08-05 11:01:00,2023-08-05 15:00:00,0 days 00:01:00,,False,240,0,0
rico,P1S61,B.RTD3,240,2023-08-05 15:01:00,2023-08-05 19:00:00,0 days 00:01:00,,False,240,0,0
rico,P1S62,B.RTD3,240,2023-08-05 19:01:00,2023-08-05 23:00:00,0 days 00:01:00,,False,240,0,0
rico,P1S63,B.RTD3,240,2023-08-05 23:01:00,2023-08-06 03:00:00,0 days 00:01:00,,False,240,0,0
rico,P1S64,B.RTD3,240,2023-08-06 03:01:00,2023-08-06 07:00:00,0 days 00:01:00,,False,240,0,0
rico,P1S65,B.RTD3,240,2023-08-06 07:01:00,2023-08-06 11:00:00,0 days 00:01:00,,False,240,0,0
rico,P1S67,B.RTD3,240,2023-08-06 15:01:00,2023-08-06 19:00:00,0 days 00:01:00,,False,240,0,0
rico,P1S68,B.RTD3,240,2023-08-06 19:01:00,2023-08-06 23:00:00,0 days 00:01:00,,False,240,0,0
rico,P1S69,B.RTD3,240,2023-08-06 23:01:00,2023-08-07 03:00:00,0 days 00:01:00,,False,240,0,0
rico,P1S70,B.RTD3,240,2023-08-07 03:01:00,2023-08-07 07:00:00,0 days 00:01:00,,False,240,0,0
rico,P1S72,B.RTD3,240,2023-08-07 11:01:00,2023-08-07 15:00:00,0 days 00:01:00,,False,240,0,0
rico,P1S73,B.RTD3,240,2023-08-07 15:01:00,2023-08-07 19:00:00,0 days 00:01:00,,False,240,0,0
rico,P1S74,B.RTD3,240,2023-08-07 19:01:00,2023-08-07 23:00:00,0 days 00:01:00,,False,240,0,0
rico,P1S75,B.RTD3,240,2023-08-07 23:01:00,2023-08-08 03:00:00,0 days 00:01:00,,False,240,0,0
rico,P1S76,B.RTD3,240,2023-08-08 03:01:00,2023-08-08 07:00:00,0 days 00:01:00,,False,240,0,0
rico,P1S77,B.RTD3,240,2023-08-08 07:01:00,2023-08-08 11:00:00,0 days 00:01:00,,False,240,0,0
rico,P1S78,B.RTD3,240,2023-08-08 11:01:00,2023-08-08 15:00:00,0 days 00:01:00,,False,240,0,0
rico,P1S79,B.RTD3,240,2023-08-08 15:01:00,2023-08-08 19:00:00,0 days 00:01:00,,False,240,0,0
rico,P1S80,B.RTD3,240,2023-08-08 19:01:00,2023-08-08 23:00:00,0 days 00:01:00,,False,240,0,0
rico,P1S81,B.RTD3,240,2023-08-08 23:01:00,2023-08-09 03:00:00,0 days 00:01:00,,False,240,0,0
rico,P1S82,B.RTD3,240,2023-08-09 03:01:00,2023-08-09 07:00:00,0 days 00:01:00,,False,240,0,0
rico,P1S83,B.RTD3,240,2023-08-09 07:01:00,2023-08-09 11:00:00,0 days 00:01:00,,False,240,0,0
rico,P1S85,B.RTD3,240,2023-08-09 15:01:00,2023-08-09 19:00:00,0 days 00:01:00,,False,240,0,0
rico,P1S86,B.RTD3,240,2023-08-09 19:01:00,2023-08-09 23:00:00,0 days 00:01:00,,False,240,0,0
rico,P1S87,B.RTD3,240,2023-08-09 23:01:00,2023-08-10 03:00:00,0 days 00:01:00,,False,240,0,0
rico,P1S89,B.RTD3,240,2023-08-10 07:01:00,2023-08-10 11:00:00,0 days 00:01:00,,False,240,0,0
rico,P1S91,B.RTD3,240,2023-08-10 15:01:00,2023-08-10 19:00:00,0 days 00:01:00,,False,240,0,0
rico,P1S92,B.RTD3,240,2023-08-10 19:01:00,2023-08-10 23:00:00,0 days 00:01:00,,False,240,0,0
rico,P1S93,B.RTD3,240,2023-08-10 23:01:00,2023-08-11 03:00:00,0 days 00:01:00,,False,240,0,0
rico,P1S94,B.RTD3,240,2023-08-11 03:01:00,2023-08-11 07:00:00,0 days 00:01:00,,False,240,0,0
rico,P1S95,B.RTD3,240,2023-08-11 07:01:00,2023-08-11 11:00:00,0 days 00:01:00,,False,240,0,0
rico,P1S96,B.RTD3,240,2023-08-11 11:01:00,2023-08-11 15:00:00,0 days 00:01:00,,False,240,0,0
rico,P1S98,B.RTD3,240,2023-08-11 19:01:00,2023-08-11 23:00:00,0 days 00:01:00,,False,240,0,0
rico,P1S99,B.RTD3,240,2023-08-11 23:01:00,2023-08-12 03:00:00,0 days 00:01:00,,False,240,0,0
rico,P1S101,B.RTD3,240,2023-08-12 07:01:00,2023-08-12 11:00:00,0 days 00:01:00,,False,240,0,0
rico,P3S0,B.RTD3,240,2024-01-22 13:30:00,2024-01-22 17:29:00,0 days 00:01:00,,False,240,0,0
rico,P3S1,B.RTD3,240,2024-01-23 05:30:00,2024-01-23 09:29:00,0 days 00:01:00,,False,240,0,0
rico,P3S2,B.RTD3,240,2024-01-23 21:30:00,2024-01-24 01:29:00,0 days 00:01:00,,False,240,0,0
rico,P3S3,B.RTD3,240,2024-01-24 13:30:00,2024-01-24 17:29:00,0 days 00:01:00,,False,240,0,0
rico,P3S4,B.RTD3,240,2024-01-25 05:30:00,2024-01-25 09:29:00,0 days 00:01:00,,False,240,0,0
rico,P3S5,B.RTD3,240,2024-01-25 21:30:00,2024-01-26 01:29:00,0 days 00:01:00,,False,240,0,0
rico,P4S0,B.RTD3,240,2024-01-29 15:01:00,2024-01-29 19:00:00,0 days 00:01:00,,False,240,0,0
rico,P4S1,B.RTD3,240,2024-01-29 19:01:00,2024-01-29 23:00:00,0 days 00:01:00,,False,240,0,0
rico,P4S2,B.RTD3,240,2024-01-29 23:01:00,2024-01-30 03:00:00,0 days 00:01:00,,False,240,0,0
rico,P4S3,B.RTD3,240,2024-01-30 03:01:00,2024-01-30 07:00:00,0 days 00:01:00,,False,240,0,0
rico,P4S5,B.RTD3,240,2024-01-30 11:01:00,2024-01-30 15:00:00,0 days 00:01:00,,False,240,0,0
rico,P4S6,B.RTD3,240,2024-01-30 15:01:00,2024-01-30 19:00:00,0 days 00:01:00,,False,240,0,0
rico,P4S7,B.RTD3,240,2024-01-30 19:01:00,2024-01-30 23:00:00,0 days 00:01:00,,False,240,0,0
rico,P4S8,B.RTD3,240,2024-01-30 23:01:00,2024-01-31 03:00:00,0 days 00:01:00,,False,240,0,0
rico,P4S9,B.RTD3,240,2024-01-31 03:01:00,2024-01-31 07:00:00,0 days 00:01:00,,False,240,0,0
rico,P4S10,B.RTD3,240,2024-01-31 07:01:00,2024-01-31 11:00:00,0 days 00:01:00,,False,240,0,0
rico,P4S11,B.RTD3,240,2024-01-31 11:01:00,2024-01-31 15:00:00,0 days 00:01:00,,False,240,0,0
rico,P4S12,B.RTD3,240,2024-01-31 15:01:00,2024-01-31 19:00:00,0 days 00:01:00,,False,240,0,0
rico,P4S13,B.RTD3,240,2024-01-31 19:01:00,2024-01-31 23:00:00,0 days 00:01:00,,False,240,0,0
rico,P4S14,B.RTD3,240,2024-01-31 23:01:00,2024-02-01 03:00:00,0 days 00:01:00,,False,240,0,0
rico,P4S15,B.RTD3,240,2024-02-01 03:01:00,2024-02-01 07:00:00,0 days 00:01:00,,False,240,0,0
rico,P4S16,B.RTD3,240,2024-02-01 07:01:00,2024-02-01 11:00:00,0 days 00:01:00,,False,240,0,0
rico,P4S17,B.RTD3,240,2024-02-01 11:01:00,2024-02-01 15:00:00,0 days 00:01:00,,False,240,0,0
rico,P4S18,B.RTD3,240,2024-02-01 15:01:00,2024-02-01 19:00:00,0 days 00:01:00,,False,240,0,0
rico,P4S19,B.RTD3,240,2024-02-01 19:01:00,2024-02-01 23:00:00,0 days 00:01:00,,False,240,0,0
rico,P4S20,B.RTD3,240,2024-02-01 23:01:00,2024-02-02 03:00:00,0 days 00:01:00,,False,240,0,0
rico,P4S21,B.RTD3,240,2024-02-02 03:01:00,2024-02-02 07:00:00,0 days 00:01:00,,False,240,0,0
rico,P4S22,B.RTD3,240,2024-02-02 07:01:00,2024-02-02 11:00:00,0 days 00:01:00,,False,240,0,0
rico,P4S23,B.RTD3,240,2024-02-02 11:01:00,2024-02-02 15:00:00,0 days 00:01:00,,False,240,0,0
rico,P4S24,B.RTD3,240,2024-02-02 15:01:00,2024-02-02 19:00:00,0 days 00:01:00,,False,240,0,0
rico,P4S25,B.RTD3,240,2024-02-02 19:01:00,2024-02-02 23:00:00,0 days 00:01:00,,False,240,0,0
rico,P4S26,B.RTD3,240,2024-02-02 23:01:00,2024-02-03 03:00:00,0 days 00:01:00,,False,240,0,0
rico,P4S27,B.RTD3,240,2024-02-03 03:01:00,2024-02-03 07:00:00,0 days 00:01:00,,False,240,0,0
rico,P4S28,B.RTD3,240,2024-02-03 07:01:00,2024-02-03 11:00:00,0 days 00:01:00,,False,240,0,0
rico,P4S29,B.RTD3,240,2024-02-03 11:01:00,2024-02-03 15:00:00,0 days 00:01:00,,False,240,0,0
rico,P4S30,B.RTD3,240,2024-02-03 15:01:00,2024-02-03 19:00:00,0 days 00:01:00,,False,240,0,0
rico,P4S31,B.RTD3,240,2024-02-03 19:01:00,2024-02-03 23:00:00,0 days 00:01:00,,False,240,0,0
rico,P4S32,B.RTD3,240,2024-02-03 23:01:00,2024-02-04 03:00:00,0 days 00:01:00,,False,240,0,0
rico,P4S33,B.RTD3,240,2024-02-04 03:01:00,2024-02-04 07:00:00,0 days 00:01:00,,False,240,0,0
rico,P4S34,B.RTD3,240,2024-02-04 07:01:00,2024-02-04 11:00:00,0 days 00:01:00,,False,240,0,0
rico,P4S35,B.RTD3,240,2024-02-04 11:01:00,2024-02-04 15:00:00,0 days 00:01:00,,False,240,0,0
rico,P4S36,B.RTD3,240,2024-02-04 15:01:00,2024-02-04 19:00:00,0 days 00:01:00,,False,0,240,0
rico,P4S37,B.RTD3,240,2024-02-04 19:01:00,2024-02-04 23:00:00,0 days 00:01:00,,False,0,240,0
rico,P4S38,B.RTD3,240,2024-02-04 23:01:00,2024-02-05 03:00:00,0 days 00:01:00,,False,0,240,0
rico,P4S39,B.RTD3,240,2024-02-05 03:01:00,2024-02-05 07:00:00,0 days 00:01:00,,False,0,240,0
rico,P4S40,B.RTD3,240,2024-02-05 07:01:00,2024-02-05 11:00:00,0 days 00:01:00,,False,0,240,0
rico,P4S41,B.RTD3,240,2024-02-05 11:01:00,2024-02-05 15:00:00,0 days 00:01:00,,False,0,240,0
rico,P4S42,B.RTD3,240,2024-02-05 15:01:00,2024-02-05 19:00:00,0 days 00:01:00,,False,0,240,0
rico,P4S43,B.RTD3,240,2024-02-05 19:01:00,2024-02-05 23:00:00,0 days 00:01:00,,False,0,240,0
rico,P4S44,B.RTD3,240,2024-02-05 23:01:00,2024-02-06 03:00:00,0 days 00:01:00,,False,0,240,0
rico,P4S45,B.RTD3,240,2024-02-06 03:01:00,2024-02-06 07:00:00,0 days 00:01:00,,False,0,240,0
rico,P4S46,B.RTD3,240,2024-02-06 07:01:00,2024-02-06 11:00:00,0 days 00:01:00,,False,0,240,0
rico,P4S47,B.RTD3,240,2024-02-06 11:01:00,2024-02-06 15:00:00,0 days 00:01:00,,False,0,240,0
rico,P4S48,B.RTD3,240,2024-02-06 15:01:00,2024-02-06 19:00:00,0 days 00:01:00,,False,0,240,0
rico,P4S49,B.RTD3,240,2024-02-06 19:01:00,2024-02-06 23:00:00,0 days 00:01:00,,False,0,240,0
rico,P4S50,B.RTD3,240,2024-02-06 23:01:00,2024-02-07 03:00:00,0 days 00:01:00,,False,0,240,0
rico,P4S51,B.RTD3,240,2024-02-07 03:01:00,2024-02-07 07:00:00,0 days 00:01:00,,False,0,240,0
rico,P4S52,B.RTD3,240,2024-02-07 07:01:00,2024-02-07 11:00:00,0 days 00:01:00,,False,0,240,0
rico,P4S53,B.RTD3,240,2024-02-07 11:01:00,2024-02-07 15:00:00,0 days 00:01:00,,False,0,240,0
rico,P4S54,B.RTD3,240,2024-02-07 15:01:00,2024-02-07 19:00:00,0 days 00:01:00,,False,0,240,0
rico,P4S55,B.RTD3,240,2024-02-07 19:01:00,2024-02-07 23:00:00,0 days 00:01:00,,False,0,240,0
rico,P4S56,B.RTD3,240,2024-02-07 23:01:00,2024-02-08 03:00:00,0 days 00:01:00,,False,0,240,0
rico,P4S57,B.RTD3,240,2024-02-08 03:01:00,2024-02-08 07:00:00,0 days 00:01:00,,False,0,240,0
rico,P4S58,B.RTD3,240,2024-02-08 07:01:00,2024-02-08 11:00:00,0 days 00:01:00,,False,0,240,0
rico,P5S0,B.RTD3,240,2024-05-08 07:01:00,2024-05-08 11:00:00,0 days 00:01:00,,False,0,240,0
rico,P5S1,B.RTD3,240,2024-05-08 11:01:00,2024-05-08 15:00:00,0 days 00:01:00,,False,0,240,0
rico,P5S2,B.RTD3,240,2024-05-08 15:01:00,2024-05-08 19:00:00,0 days 00:01:00,,False,0,240,0
rico,P5S3,B.RTD3,240,2024-05-08 19:01:00,2024-05-08 23:00:00,0 days 00:01:00,,False,0,240,0
rico,P5S4,B.RTD3,240,2024-05-08 23:01:00,2024-05-09 03:00:00,0 days 00:01:00,,False,0,240,0
rico,P5S5,B.RTD3,240,2024-05-09 03:01:00,2024-05-09 07:00:00,0 days 00:01:00,,False,0,240,0
rico,P5S6,B.RTD3,240,2024-05-09 07:01:00,2024-05-09 11:00:00,0 days 00:01:00,,False,0,240,0
rico,P5S7,B.RTD3,240,2024-05-09 11:01:00,2024-05-09 15:00:00,0 days 00:01:00,,False,0,240,0
rico,P5S8,B.RTD3,240,2024-05-09 15:01:00,2024-05-09 19:00:00,0 days 00:01:00,,False,0,240,0
rico,P5S9,B.RTD3,240,2024-05-09 19:01:00,2024-05-09 23:00:00,0 days 00:01:00,,False,0,240,0
rico,P5S10,B.RTD3,240,2024-05-09 23:01:00,2024-05-10 03:00:00,0 days 00:01:00,,False,0,240,0
rico,P5S11,B.RTD3,240,2024-05-10 03:01:00,2024-05-10 07:00:00,0 days 00:01:00,,False,0,240,0
rico,P5S12,B.RTD3,240,2024-05-10 07:01:00,2024-05-10 11:00:00,0 days 00:01:00,,False,0,240,0
rico,P5S13,B.RTD3,240,2024-05-10 11:01:00,2024-05-10 15:00:00,0 days 00:01:00,,False,0,240,0
rico,P5S14,B.RTD3,240,2024-05-10 15:01:00,2024-05-10 19:00:00,0 days 00:01:00,,False,0,240,0
rico,P5S15,B.RTD3,240,2024-05-10 19:01:00,2024-05-10 23:00:00,0 days 00:01:00,,False,0,240,0
rico,P5S16,B.RTD3,240,2024-05-10 23:01:00,2024-05-11 03:00:00,0 days 00:01:00,,False,0,240,0
rico,P5S17,B.RTD3,240,2024-05-11 03:01:00,2024-05-11 07:00:00,0 days 00:01:00,,False,0,240,0
rico,P5S18,B.RTD3,240,2024-05-11 07:01:00,2024-05-11 11:00:00,0 days 00:01:00,,False,0,0,240
rico,P5S19,B.RTD3,240,2024-05-11 11:01:00,2024-05-11 15:00:00,0 days 00:01:00,,False,0,0,240
rico,P5S20,B.RTD3,240,2024-05-11 15:01:00,2024-05-11 19:00:00,0 days 00:01:00,,False,0,0,240
rico,P5S21,B.RTD3,240,2024-05-11 19:01:00,2024-05-11 23:00:00,0 days 00:01:00,,False,0,0,240
rico,P5S22,B.RTD3,240,2024-05-11 23:01:00,2024-05-12 03:00:00,0 days 00:01:00,,False,0,0,240
rico,P5S23,B.RTD3,240,2024-05-12 03:01:00,2024-05-12 07:00:00,0 days 00:01:00,,False,0,0,240
rico,P5S24,B.RTD3,240,2024-05-12 07:01:00,2024-05-12 11:00:00,0 days 00:01:00,,False,0,0,240
rico,P5S25,B.RTD3,240,2024-05-12 11:01:00,2024-05-12 15:00:00,0 days 00:01:00,,False,0,0,240
rico,P5S26,B.RTD3,240,2024-05-12 15:01:00,2024-05-12 19:00:00,0 days 00:01:00,,False,0,0,240
rico,P5S27,B.RTD3,240,2024-05-12 19:01:00,2024-05-12 23:00:00,0 days 00:01:00,,False,0,0,240
rico,P5S28,B.RTD3,240,2024-05-12 23:01:00,2024-05-13 03:00:00,0 days 00:01:00,,False,0,0,240
rico,P5S29,B.RTD3,240,2024-05-13 03:01:00,2024-05-13 07:00:00,0 days 00:01:00,,False,0,0,240
rico,P5S30,B.RTD3,240,2024-05-13 07:01:00,2024-05-13 11:00:00,0 days 00:01:00,,False,0,0,240
rico,P5S31,B.RTD3,240,2024-05-13 11:01:00,2024-05-13 15:00:00,0 days 00:01:00,,False,0,0,240
rico,P5S32,B.RTD3,240,2024-05-13 15:01:00,2024-05-13 19:00:00,0 days 00:01:00,,False,0,0,240
rico,P5S33,B.RTD3,240,2024-05-13 19:01:00,2024-05-13 23:00:00,0 days 00:01:00,,False,0,0,240
rico,P5S34,B.RTD3,240,2024-05-13 23:01:00,2024-05-14 03:00:00,0 days 00:01:00,,False,0,0,240
rico,P5S35,B.RTD3,240,2024-05-14 03:01:00,2024-05-14 07:00:00,0 days 00:01:00,,False,0,0,240
rico,P5S36,B.RTD3,240,2024-05-14 07:01:00,2024-05-14 11:00:00,0 days 00:01:00,,False,0,0,240
rico,P5S37,B.RTD3,240,2024-05-14 11:01:00,2024-05-14 15:00:00,0 days 00:01:00,,False,0,0,240
rico,P5S38,B.RTD3,240,2024-05-14 15:01:00,2024-05-14 19:00:00,0 days 00:01:00,,False,0,0,240
rico,P5S39,B.RTD3,240,2024-05-14 19:01:00,2024-05-14 23:00:00,0 days 00:01:00,,False,0,0,240
rico,P5S40,B.RTD3,240,2024-05-14 23:01:00,2024-05-15 03:00:00,0 days 00:01:00,,False,0,0,240
rico,P5S41,B.RTD3,240,2024-05-15 03:01:00,2024-05-15 07:00:00,0 days 00:01:00,,False,0,0,240
rico,P5S42,B.RTD3,240,2024-05-15 07:01:00,2024-05-15 11:00:00,0 days 00:01:00,,False,0,0,240
rico,P5S43,B.RTD3,240,2024-05-15 11:01:00,2024-05-15 15:00:00,0 days 00:01:00,,False,0,0,240
rico,P5S44,B.RTD3,240,2024-05-15 15:01:00,2024-05-15 19:00:00,0 days 00:01:00,,False,0,0,240
rico,P5S45,B.RTD3,240,2024-05-15 19:01:00,2024-05-15 23:00:00,0 days 00:01:00,,False,0,0,240
rico,P5S46,B.RTD3,240,2024-05-15 23:01:00,2024-05-16 03:00:00,0 days 00:01:00,,False,0,0,240
rico,P5S47,B.RTD3,240,2024-05-16 03:01:00,2024-05-16 07:00:00,0 days 00:01:00,,False,0,0,240
rico,P5S48,B.RTD3,240,2024-05-16 07:01:00,2024-05-16 11:00:00,0 days 00:01:00,,False,0,0,240
rico,P5S49,B.RTD3,240,2024-05-16 11:01:00,2024-05-16 15:00:00,0 days 00:01:00,,False,0,0,240
rico,P5S50,B.RTD3,240,2024-05-16 15:01:00,2024-05-16 19:00:00,0 days 00:01:00,,False,0,0,240
rico,P5S51,B.RTD3,240,2024-05-16 19:01:00,2024-05-16 23:00:00,0 days 00:01:00,,False,0,0,240
rico,P5S52,B.RTD3,240,2024-05-16 23:01:00,2024-05-17 03:00:00,0 days 00:01:00,,False,0,0,240
rico,P5S53,B.RTD3,240,2024-05-17 03:01:00,2024-05-17 07:00:00,0 days 00:01:00,,False,0,0,240
rico,P5S54,B.RTD3,240,2024-05-17 07:01:00,2024-05-17 11:00:00,0 days 00:01:00,,False,0,0,240
rico,P5S55,B.RTD3,240,2024-05-17 11:01:00,2024-05-17 15:00:00,0 days 00:01:00,,False,0,0,240
rico,P5S56,B.RTD3,240,2024-05-17 15:01:00,2024-05-17 19:00:00,0 days 00:01:00,,False,0,0,240
rico,P5S57,B.RTD3,240,2024-05-17 19:01:00,2024-05-17 23:00:00,0 days 00:01:00,,False,0,0,240
rico,P5S58,B.RTD3,240,2024-05-17 23:01:00,2024-05-18 03:00:00,0 days 00:01:00,,False,0,0,240
rico,P5S59,B.RTD3,240,2024-05-18 03:01:00,2024-05-18 07:00:00,0 days 00:01:00,,False,0,0,240
